{
  "required" : true ,
  "$schema" : "http://json-schema.org/draft-03/schema" ,
  "type" : "object" ,
  "properties" : {
    "request" : {
      "type" : "object" ,
      "required" : false ,
      "properties" : {
        "flightId" : {
          "type" : "object" ,
          "required" : false ,
          "properties" : {
            "requested" : {
              "type" : "string" ,
              "required" : false
            } ,
            "interpreted" : {
              "type" : "number" ,
              "required" : false
            }
          }
        } ,
        "includeFlightPlan" : {
          "type" : "object" ,
          "required" : false ,
          "properties" : {
            "interpreted" : {
              "type" : "boolean" ,
              "required" : false
            }
          }
        } ,
        "maxPositions" : {
          "type" : "object" ,
          "required" : false
        } ,
        "maxPositionAgeMinutes" : {
          "type" : "object" ,
          "required" : false
        } ,
        "extendedOptions" : {
          "type" : "object" ,
          "required" : false
        } ,
        "url" : {
          "type" : "string" ,
          "required" : false
        }
      }
    } ,
    "appendix" : {
      "type" : "object" ,
      "required" : false ,
      "properties" : {
        "airlines" : {
          "type" : "array" ,
          "required" : false ,
          "items" : [
            {
              "type" : "object" ,
              "properties" : {
                "fs" : {
                  "type" : "string" ,
                  "required" : false
                } ,
                "iata" : {
                  "type" : "string" ,
                  "required" : false
                } ,
                "icao" : {
                  "type" : "string" ,
                  "required" : false
                } ,
                "name" : {
                  "type" : "string" ,
                  "required" : false
                } ,
                "phoneNumber" : {
                  "type" : "string" ,
                  "required" : false
                } ,
                "active" : {
                  "type" : "boolean" ,
                  "required" : false
                }
              }
            }
          ]
        } ,
        "airports" : {
          "type" : "array" ,
          "required" : false ,
          "items" : [
            {
              "type" : "object" ,
              "properties" : {
                "fs" : {
                  "type" : "string" ,
                  "required" : false
                } ,
                "iata" : {
                  "type" : "string" ,
                  "required" : false
                } ,
                "icao" : {
                  "type" : "string" ,
                  "required" : false
                } ,
                "faa" : {
                  "type" : "string" ,
                  "required" : false
                } ,
                "name" : {
                  "type" : "string" ,
                  "required" : false
                } ,
                "street1" : {
                  "type" : "string" ,
                  "required" : false
                } ,
                "city" : {
                  "type" : "string" ,
                  "required" : false
                } ,
                "cityCode" : {
                  "type" : "string" ,
                  "required" : false
                } ,
                "stateCode" : {
                  "type" : "string" ,
                  "required" : false
                } ,
                "postalCode" : {
                  "type" : "string" ,
                  "required" : false
                } ,
                "countryCode" : {
                  "type" : "string" ,
                  "required" : false
                } ,
                "countryName" : {
                  "type" : "string" ,
                  "required" : false
                } ,
                "regionName" : {
                  "type" : "string" ,
                  "required" : false
                } ,
                "timeZoneRegionName" : {
                  "type" : "string" ,
                  "required" : false
                } ,
                "weatherZone" : {
                  "type" : "string" ,
                  "required" : false
                } ,
                "localTime" : {
                  "type" : "string" ,
                  "required" : false
                } ,
                "utcOffsetHours" : {
                  "type" : "number" ,
                  "required" : false
                } ,
                "latitude" : {
                  "type" : "number" ,
                  "required" : false
                } ,
                "longitude" : {
                  "type" : "number" ,
                  "required" : false
                } ,
                "elevationFeet" : {
                  "type" : "number" ,
                  "required" : false
                } ,
                "classification" : {
                  "type" : "number" ,
                  "required" : false
                } ,
                "active" : {
                  "type" : "boolean" ,
                  "required" : false
                } ,
                "delayIndexUrl" : {
                  "type" : "string" ,
                  "required" : false
                } ,
                "weatherUrl" : {
                  "type" : "string" ,
                  "required" : false
                }
              }
            } , {
              "type" : "object" ,
              "properties" : {
                "fs" : {
                  "type" : "string" ,
                  "required" : false
                } ,
                "iata" : {
                  "type" : "string" ,
                  "required" : false
                } ,
                "icao" : {
                  "type" : "string" ,
                  "required" : false
                } ,
                "faa" : {
                  "type" : "string" ,
                  "required" : false
                } ,
                "name" : {
                  "type" : "string" ,
                  "required" : false
                } ,
                "street1" : {
                  "type" : "string" ,
                  "required" : false
                } ,
                "street2" : {
                  "type" : "string" ,
                  "required" : false
                } ,
                "city" : {
                  "type" : "string" ,
                  "required" : false
                } ,
                "cityCode" : {
                  "type" : "string" ,
                  "required" : false
                } ,
                "stateCode" : {
                  "type" : "string" ,
                  "required" : false
                } ,
                "postalCode" : {
                  "type" : "string" ,
                  "required" : false
                } ,
                "countryCode" : {
                  "type" : "string" ,
                  "required" : false
                } ,
                "countryName" : {
                  "type" : "string" ,
                  "required" : false
                } ,
                "regionName" : {
                  "type" : "string" ,
                  "required" : false
                } ,
                "timeZoneRegionName" : {
                  "type" : "string" ,
                  "required" : false
                } ,
                "weatherZone" : {
                  "type" : "string" ,
                  "required" : false
                } ,
                "localTime" : {
                  "type" : "string" ,
                  "required" : false
                } ,
                "utcOffsetHours" : {
                  "type" : "number" ,
                  "required" : false
                } ,
                "latitude" : {
                  "type" : "number" ,
                  "required" : false
                } ,
                "longitude" : {
                  "type" : "number" ,
                  "required" : false
                } ,
                "elevationFeet" : {
                  "type" : "number" ,
                  "required" : false
                } ,
                "classification" : {
                  "type" : "number" ,
                  "required" : false
                } ,
                "active" : {
                  "type" : "boolean" ,
                  "required" : false
                } ,
                "delayIndexUrl" : {
                  "type" : "string" ,
                  "required" : false
                } ,
                "weatherUrl" : {
                  "type" : "string" ,
                  "required" : false
                }
              }
            }
          ]
        }
      }
    } ,
    "flightTrack" : {
      "type" : "object" ,
      "required" : false ,
      "properties" : {
        "flightId" : {
          "type" : "number" ,
          "required" : false
        } ,
        "carrierFsCode" : {
          "type" : "string" ,
          "required" : false
        } ,
        "flightNumber" : {
          "type" : "string" ,
          "required" : false
        } ,
        "tailNumber" : {
          "type" : "string" ,
          "required" : false
        } ,
        "departureAirportFsCode" : {
          "type" : "string" ,
          "required" : false
        } ,
        "arrivalAirportFsCode" : {
          "type" : "string" ,
          "required" : false
        } ,
        "departureDate" : {
          "type" : "object" ,
          "required" : false ,
          "properties" : {
            "dateLocal" : {
              "type" : "string" ,
              "required" : false
            } ,
            "dateUtc" : {
              "type" : "string" ,
              "required" : false
            }
          }
        } ,
        "equipment" : {
          "type" : "string" ,
          "required" : false
        } ,
        "delayMinutes" : {
          "type" : "number" ,
          "required" : false
        } ,
        "bearing" : {
          "type" : "number" ,
          "required" : false
        } ,
        "heading" : {
          "type" : "number" ,
          "required" : false
        } ,
        "positions" : {
          "type" : "array" ,
          "required" : false ,
          "items" : [
            {
              "type" : "object" ,
              "properties" : {
                "lon" : {
                  "type" : "number" ,
                  "required" : false
                } ,
                "lat" : {
                  "type" : "number" ,
                  "required" : false
                } ,
                "speedMph" : {
                  "type" : "number" ,
                  "required" : false
                } ,
                "altitudeFt" : {
                  "type" : "number" ,
                  "required" : false
                } ,
                "source" : {
                  "type" : "string" ,
                  "required" : false
                } ,
                "date" : {
                  "type" : "string" ,
                  "required" : false
                }
              }
            } , {
              "type" : "object" ,
              "properties" : {
                "lon" : {
                  "type" : "number" ,
                  "required" : false
                } ,
                "lat" : {
                  "type" : "number" ,
                  "required" : false
                } ,
                "speedMph" : {
                  "type" : "number" ,
                  "required" : false
                } ,
                "source" : {
                  "type" : "string" ,
                  "required" : false
                } ,
                "date" : {
                  "type" : "string" ,
                  "required" : false
                }
              }
            }
          ]
        }
      }
    }
  }
}