{
  "airports" : [
    {
      "fs" : "CLO" ,
      "iata" : "CLO" ,
      "icao" : "SKCL" ,
      "name" : "Alfonso B. Aragon Airport" ,
      "city" : "Cali" ,
      "cityCode" : "CLO" ,
      "countryCode" : "CO" ,
      "countryName" : "Colombia" ,
      "regionName" : "South America" ,
      "timeZoneRegionName" : "America/Bogota" ,
      "localTime" : "2015-04-23T22:16:29.486" ,
      "utcOffsetHours" : -5 ,
      "latitude" : 3.543056 ,
      "longitude" : -76.381389 ,
      "elevationFeet" : 3162 ,
      "classification" : 3 ,
      "active" : true ,
      "delayIndexUrl" : "https://api.flightstats.com/flex/delayindex/rest/v1/json/airports/CLO?codeType=fs" ,
      "weatherUrl" : "https://api.flightstats.com/flex/weather/rest/v1/json/all/CLO?codeType=fs"
    } , {
      "fs" : "KGT" ,
      "iata" : "KGT" ,
      "icao" : "ZUKD" ,
      "name" : "Kangding Airport" ,
      "city" : "Kangding" ,
      "countryCode" : "CN" ,
      "countryName" : "China" ,
      "regionName" : "Asia" ,
      "timeZoneRegionName" : "Asia/Shanghai" ,
      "localTime" : "2015-04-24T11:16:29.486" ,
      "utcOffsetHours" : 8 ,
      "latitude" : 30.13176 ,
      "longitude" : 101.747534 ,
      "elevationFeet" : 13916 ,
      "classification" : 4 ,
      "active" : true ,
      "delayIndexUrl" : "https://api.flightstats.com/flex/delayindex/rest/v1/json/airports/KGT?codeType=fs" ,
      "weatherUrl" : "https://api.flightstats.com/flex/weather/rest/v1/json/all/KGT?codeType=fs"
    }
  ]
}