<?xml version="1.0" encoding="UTF-8" standalone="yes"?><response><delayIndexes><delayIndex><airport><fs>LAX</fs><iata>LAX</iata><icao>KLAX</icao><faa>LAX</faa><name>Los Angeles International Airport</name><street1>One World Way</street1><street2></street2><city>Los Angeles</city><cityCode>LAX</cityCode><stateCode>CA</stateCode><postalCode>90045-5803</postalCode><countryCode>US</countryCode><countryName>United States</countryName><regionName>North America</regionName><timeZoneRegionName>America/Los_Angeles</timeZoneRegionName><weatherZone>CAZ041</weatherZone><localTime>2015-04-27T22:17:05.872</localTime><utcOffsetHours>-7.0</utcOffsetHours><latitude>33.943399</latitude><longitude>-118.408279</longitude><elevationFeet>126</elevationFeet><classification>1</classification><active>true</active><weatherUrl>https://api.flightstats.com/flex/weather/rest/v1/json/all/LAX?codeType=fs</weatherUrl></airport><rawScore>13.120000000000001</rawScore><normalizedScore>0.25</normalizedScore><dateStart>2015-04-28T04:00:00.000Z</dateStart><dateEnd>2015-04-28T07:00:00.000Z</dateEnd><flights>111</flights><observations>102</observations><canceled>0</canceled><onTime>95</onTime><delayed15>3</delayed15><delayed30>2</delayed30><delayed45>2</delayed45><delta>-10.0</delta></delayIndex></delayIndexes><request><url>https://api.flightstats.com/flex/delayindex/rest/v1/xml/airports/LAX</url><classification/><score/><airportCodes><airportCode><requestedCode>LAX</requestedCode><fsCode>LAX</fsCode></airportCode></airportCodes><codeType/></request></response>