<?xml version="1.0" encoding="UTF-8" standalone="yes"?><response><appendix><airports><airport><fs>ORD</fs><iata>ORD</iata><icao>KORD</icao><faa>ORD</faa><name>O'Hare International Airport</name><street1>10000 West O'Hare</street1><city>Chicago</city><cityCode>CHI</cityCode><stateCode>IL</stateCode><postalCode>60666</postalCode><countryCode>US</countryCode><countryName>United States</countryName><regionName>North America</regionName><timeZoneRegionName>America/Chicago</timeZoneRegionName><weatherZone>ILZ014</weatherZone><localTime>2015-04-28T03:28:23.692</localTime><utcOffsetHours>-5.0</utcOffsetHours><latitude>41.976912</latitude><longitude>-87.904876</longitude><elevationFeet>668</elevationFeet><classification>1</classification><active>true</active><delayIndexUrl>https://api.flightstats.com/flex/delayindex/rest/v1/json/airports/ORD?codeType=fs</delayIndexUrl></airport></airports></appendix><request><url>https://api.flightstats.com/flex/weather/rest/v1/xml/zf/ORD</url><airport><requestedCode>ORD</requestedCode><fsCode>ORD</fsCode></airport><codeType/></request><zoneForecast><header>COOK-
INCLUDING THE CITIES OF...CHICAGO
850 PM CDT MON APR 27 2015</header><general>Expires:201504281615;;912780
FPUS53 KLOT 280150
ZFPLOT
ZONE FORECAST PRODUCT
NATIONAL WEATHER SERVICE CHICAGO/ROMEOVILLE IL
850 PM CDT MON APR 27 2015</general><zones><zone>ILZ014</zone></zones><reportTime>2015-04-27T20:50:00.000-05:00</reportTime><cities><city>Chicago</city></cities><zoneNames><zoneName>Cook</zoneName></zoneNames><dayForecasts><dayForecast><day>Rest Of Tonight</day><forecast>Clear. Patchy frost outlying areas after midnight. Lows in the mid 30s in the suburbs...but around 40 downtown. North winds 5 to 10 mph.</forecast><start>2015-04-27T20:50:00.000</start><end>2015-04-28T06:00:00.000</end><tags><tag><key>Prevailing Conditions</key><value>Clear</value></tag></tags></dayForecast><dayForecast><day>Tuesday</day><forecast>Sunny. Highs in the upper 50s inland...but only in the lower 50s near the lake. Northeast winds 10 to 15 mph.</forecast><start>2015-04-28T06:00:00.000</start><end>2015-04-28T18:00:00.000</end><tags><tag><key>Prevailing Conditions</key><value>Sunny</value></tag></tags></dayForecast><dayForecast><day>Tuesday Night</day><forecast>Mostly clear. Lows in the upper 30s. North winds 5 to 10 mph.</forecast><start>2015-04-28T18:00:00.000</start><end>2015-04-29T06:00:00.000</end><tags><tag><key>Prevailing Conditions</key><value>Mostly Clear</value></tag></tags></dayForecast><dayForecast><day>Wednesday</day><forecast>Partly cloudy. Highs in the lower 60s inland...but only in the lower 50s near the lake. North winds 10 to 15 mph.</forecast><start>2015-04-29T06:00:00.000</start><end>2015-04-29T18:00:00.000</end><tags><tag><key>Prevailing Conditions</key><value>Partly Cloudy</value></tag></tags></dayForecast><dayForecast><day>Wednesday Night</day><forecast>Partly cloudy. Lows around 40. North winds 10 to 15 mph.</forecast><start>2015-04-29T18:00:00.000</start><end>2015-04-30T06:00:00.000</end><tags><tag><key>Prevailing Conditions</key><value>Partly Cloudy</value></tag></tags></dayForecast><dayForecast><day>Thursday</day><forecast>Partly cloudy. Highs in the mid 50s inland...but only around 50 near the lake.</forecast><start>2015-04-30T06:00:00.000</start><end>2015-04-30T18:00:00.000</end><tags><tag><key>Prevailing Conditions</key><value>Partly Cloudy</value></tag></tags></dayForecast><dayForecast><day>Thursday Night</day><forecast>Mostly clear. Lows in the lower 40s. </forecast><start>2015-04-30T18:00:00.000</start><end>2015-05-01T06:00:00.000</end><tags><tag><key>Prevailing Conditions</key><value>Mostly Clear</value></tag></tags></dayForecast><dayForecast><day>Friday</day><forecast>Mostly sunny. Highs in the mid 60s inland...but only in the mid 50s near the lake.</forecast><start>2015-05-01T06:00:00.000</start><end>2015-05-01T18:00:00.000</end><tags><tag><key>Prevailing Conditions</key><value>Sunny</value></tag></tags></dayForecast><dayForecast><day>Friday Night</day><forecast>Partly cloudy. Lows in the upper 40s. </forecast><start>2015-05-01T18:00:00.000</start><end>2015-05-02T06:00:00.000</end><tags><tag><key>Prevailing Conditions</key><value>Partly Cloudy</value></tag></tags></dayForecast><dayForecast><day>Saturday And Saturday Night</day><forecast>Partly cloudy. Highs in the mid 70s. Lows around 50.</forecast><start>2015-05-02T06:00:00.000</start><end>2015-05-03T06:00:00.000</end><tags><tag><key>Prevailing Conditions</key><value>Partly Cloudy</value></tag></tags></dayForecast><dayForecast><day>Sunday</day><forecast>Partly sunny with a 30 percent chance of showers and thunderstorms. Highs in the mid 70s inland...but only in the mid to upper 60s near the lake.</forecast><start>2015-05-03T06:00:00.000</start><end>2015-05-03T18:00:00.000</end><tags><tag><key>Prevailing Conditions</key><value>Thunderstorms</value></tag></tags></dayForecast><dayForecast><day>Sunday Night</day><forecast>Mostly cloudy with a 50 percent chance of showers and thunderstorms. Lows in the upper 50s.</forecast><start>2015-05-03T18:00:00.000</start><end>2015-05-04T06:00:00.000</end><tags><tag><key>Prevailing Conditions</key><value>Thunderstorms</value></tag></tags></dayForecast><dayForecast><day>Monday</day><forecast>Mostly cloudy with a 40 percent chance of showers and thunderstorms. Highs in the upper 70s.</forecast><start>2015-04-27T20:50:00.000</start><end>2015-04-27T18:00:00.000</end><tags><tag><key>Prevailing Conditions</key><value>Thunderstorms</value></tag></tags></dayForecast></dayForecasts></zoneForecast></response>