<?xml version="1.0" encoding="UTF-8" standalone="yes"?><response><error><httpStatusCode>400</httpStatusCode><errorCode>RULE_UNKNOWN_ID</errorCode><errorId>102158fd-1aa9-4ca0-9de2-83b75c4581fd</errorId><errorMessage>The rule ID specified did not match an active rule</errorMessage></error><appendix/><request><url>https://api.flightstats.com/flex/alerts/rest/v1/xml/delete/264823741</url><ruleId><requested>264823741</requested><interpreted>264823741</interpreted></ruleId><extendedOptions/></request></response>