<?xml version="1.0" encoding="UTF-8" standalone="yes"?><response><appendix><airlines><airline><fs>JL</fs><iata>JL</iata><icao>JAL</icao><name>JAL</name><active>true</active></airline><airline><fs>VX</fs><iata>VX</iata><icao>VRD</icao><name>Virgin America</name><active>true</active></airline><airline><fs>FJ</fs><iata>FJ</iata><icao>FJI</icao><name>Fiji Airways</name><phoneNumber>1-800-227-4446</phoneNumber><active>true</active></airline><airline><fs>UA</fs><iata>UA</iata><icao>UAL</icao><name>United Airlines</name><phoneNumber>1-800-864-8331</phoneNumber><active>true</active></airline><airline><fs>NZ</fs><iata>NZ</iata><icao>ANZ</icao><name>Air New Zealand</name><phoneNumber>1-800-262-1234</phoneNumber><active>true</active></airline><airline><fs>BR</fs><iata>BR</iata><icao>EVA</icao><name>EVA Air</name><active>true</active></airline><airline><fs>QF</fs><iata>QF</iata><icao>QFA</icao><name>Qantas</name><active>true</active></airline><airline><fs>SK</fs><iata>SK</iata><icao>SAS</icao><name>SAS</name><active>true</active></airline><airline><fs>IB</fs><iata>IB</iata><icao>IBE</icao><name>Iberia</name><active>true</active></airline><airline><fs>MH</fs><iata>MH</iata><icao>MAS</icao><name>Malaysia Airlines</name><active>true</active></airline><airline><fs>SN</fs><iata>SN</iata><icao>BEL</icao><name>Brussels Airlines</name><active>true</active></airline><airline><fs>US</fs><iata>US</iata><icao>AWE</icao><name>US Airways</name><phoneNumber>1-800-943-5436</phoneNumber><active>true</active></airline><airline><fs>CA</fs><iata>CA</iata><icao>CCA</icao><name>Air China</name><phoneNumber>1-800-986-1985</phoneNumber><active>true</active></airline><airline><fs>SQ</fs><iata>SQ</iata><icao>SIA</icao><name>Singapore Airlines</name><active>true</active></airline><airline><fs>GF</fs><iata>GF</iata><icao>GFA</icao><name>Gulf Air</name><active>true</active></airline><airline><fs>AA</fs><iata>AA</iata><icao>AAL</icao><name>American Airlines</name><phoneNumber>1-800-433-7300</phoneNumber><active>true</active></airline><airline><fs>AB</fs><iata>AB</iata><icao>BER</icao><name>Air Berlin</name><active>true</active></airline><airline><fs>QR</fs><iata>QR</iata><icao>QTR</icao><name>Qatar Airways</name><active>true</active></airline><airline><fs>AC</fs><iata>AC</iata><icao>ACA</icao><name>Air Canada</name><phoneNumber>1-800-247-2262</phoneNumber><active>true</active></airline><airline><fs>EI</fs><iata>EI</iata><icao>EIN</icao><name>Aer Lingus</name><phoneNumber>1-800-IRISHAIR</phoneNumber><active>true</active></airline><airline><fs>OS</fs><iata>OS</iata><icao>AUA</icao><name>Austrian</name><active>true</active></airline><airline><fs>CI</fs><iata>CI</iata><icao>CAL</icao><name>China Airlines</name><active>true</active></airline><airline><fs>MU</fs><iata>MU</iata><icao>CES</icao><name>China Eastern Airlines</name><active>true</active></airline><airline><fs>OZ</fs><iata>OZ</iata><icao>AAR</icao><name>Asiana Airlines</name><active>true</active></airline><airline><fs>VA</fs><iata>VA</iata><icao>VOZ</icao><name>Virgin Australia</name><active>true</active></airline><airline><fs>AS</fs><iata>AS</iata><icao>ASA</icao><name>Alaska Airlines</name><phoneNumber>1-800-252-7522</phoneNumber><active>true</active></airline><airline><fs>F9</fs><iata>F9</iata><icao>FFT</icao><name>Frontier Airlines</name><active>true</active></airline><airline><fs>EY</fs><iata>EY</iata><icao>ETD</icao><name>Etihad Airways</name><active>true</active></airline><airline><fs>RJ</fs><iata>RJ</iata><icao>RJA</icao><name>Royal Jordanian</name><active>true</active></airline><airline><fs>HA</fs><iata>HA</iata><icao>HAL</icao><name>Hawaiian Airlines</name><active>true</active></airline><airline><fs>TN</fs><iata>TN</iata><icao>THT</icao><name>Air Tahiti Nui</name><active>true</active></airline><airline><fs>LH</fs><iata>LH</iata><icao>DLH</icao><name>Lufthansa</name><active>true</active></airline><airline><fs>NK</fs><iata>NK</iata><icao>NKS</icao><name>Spirit Airlines</name><active>true</active></airline><airline><fs>BA</fs><iata>BA</iata><icao>BAW</icao><name>British Airways</name><phoneNumber>1-800-AIRWAYS</phoneNumber><active>true</active></airline></airlines><airports><airport><fs>ORD</fs><iata>ORD</iata><icao>KORD</icao><faa>ORD</faa><name>O'Hare International Airport</name><street1>10000 West O'Hare</street1><city>Chicago</city><cityCode>CHI</cityCode><stateCode>IL</stateCode><postalCode>60666</postalCode><countryCode>US</countryCode><countryName>United States</countryName><regionName>North America</regionName><timeZoneRegionName>America/Chicago</timeZoneRegionName><weatherZone>ILZ014</weatherZone><localTime>2015-04-29T07:49:19.104</localTime><utcOffsetHours>-5.0</utcOffsetHours><latitude>41.976912</latitude><longitude>-87.904876</longitude><elevationFeet>668</elevationFeet><classification>1</classification><active>true</active><delayIndexUrl>https://api.flightstats.com/flex/delayindex/rest/v1/json/airports/ORD?codeType=fs</delayIndexUrl><weatherUrl>https://api.flightstats.com/flex/weather/rest/v1/json/all/ORD?codeType=fs</weatherUrl></airport><airport><fs>EWR</fs><iata>EWR</iata><icao>KEWR</icao><faa>EWR</faa><name>Newark Liberty International Airport</name><street1>Building 1, Conrad Road</street1><street2></street2><city>Newark</city><cityCode>EWR</cityCode><stateCode>NJ</stateCode><postalCode>07114</postalCode><countryCode>US</countryCode><countryName>United States</countryName><regionName>North America</regionName><timeZoneRegionName>America/New_York</timeZoneRegionName><weatherZone>NJZ006</weatherZone><localTime>2015-04-29T08:49:19.351</localTime><utcOffsetHours>-4.0</utcOffsetHours><latitude>40.689071</latitude><longitude>-74.178753</longitude><elevationFeet>18</elevationFeet><classification>1</classification><active>true</active><delayIndexUrl>https://api.flightstats.com/flex/delayindex/rest/v1/json/airports/EWR?codeType=fs</delayIndexUrl><weatherUrl>https://api.flightstats.com/flex/weather/rest/v1/json/all/EWR?codeType=fs</weatherUrl></airport><airport><fs>LAX</fs><iata>LAX</iata><icao>KLAX</icao><faa>LAX</faa><name>Los Angeles International Airport</name><street1>One World Way</street1><street2></street2><city>Los Angeles</city><cityCode>LAX</cityCode><stateCode>CA</stateCode><postalCode>90045-5803</postalCode><countryCode>US</countryCode><countryName>United States</countryName><regionName>North America</regionName><timeZoneRegionName>America/Los_Angeles</timeZoneRegionName><weatherZone>CAZ041</weatherZone><localTime>2015-04-29T05:49:19.104</localTime><utcOffsetHours>-7.0</utcOffsetHours><latitude>33.943399</latitude><longitude>-118.408279</longitude><elevationFeet>126</elevationFeet><classification>1</classification><active>true</active><delayIndexUrl>https://api.flightstats.com/flex/delayindex/rest/v1/json/airports/LAX?codeType=fs</delayIndexUrl><weatherUrl>https://api.flightstats.com/flex/weather/rest/v1/json/all/LAX?codeType=fs</weatherUrl></airport><airport><fs>DCA</fs><iata>DCA</iata><icao>KDCA</icao><faa>DCA</faa><name>Ronald Reagan National Airport</name><street1>1 Aviation Circle</street1><street2></street2><city>Washington</city><cityCode>WAS</cityCode><stateCode>DC</stateCode><postalCode>20001-6000</postalCode><countryCode>US</countryCode><countryName>United States</countryName><regionName>North America</regionName><timeZoneRegionName>America/New_York</timeZoneRegionName><weatherZone>DCZ001</weatherZone><localTime>2015-04-29T08:49:19.349</localTime><utcOffsetHours>-4.0</utcOffsetHours><latitude>38.853434</latitude><longitude>-77.043457</longitude><elevationFeet>15</elevationFeet><classification>1</classification><active>true</active><delayIndexUrl>https://api.flightstats.com/flex/delayindex/rest/v1/json/airports/DCA?codeType=fs</delayIndexUrl><weatherUrl>https://api.flightstats.com/flex/weather/rest/v1/json/all/DCA?codeType=fs</weatherUrl></airport><airport><fs>TPA</fs><iata>TPA</iata><icao>KTPA</icao><faa>TPA</faa><name>Tampa International Airport</name><street1>5507 West Spruce Street</street1><city>Tampa</city><cityCode>TPA</cityCode><stateCode>FL</stateCode><postalCode>33607</postalCode><countryCode>US</countryCode><countryName>United States</countryName><regionName>North America</regionName><timeZoneRegionName>America/New_York</timeZoneRegionName><weatherZone>FLZ251</weatherZone><localTime>2015-04-29T08:49:19.353</localTime><utcOffsetHours>-4.0</utcOffsetHours><latitude>27.979869</latitude><longitude>-82.535415</longitude><elevationFeet>26</elevationFeet><classification>1</classification><active>true</active><delayIndexUrl>https://api.flightstats.com/flex/delayindex/rest/v1/json/airports/TPA?codeType=fs</delayIndexUrl><weatherUrl>https://api.flightstats.com/flex/weather/rest/v1/json/all/TPA?codeType=fs</weatherUrl></airport><airport><fs>HNL</fs><iata>HNL</iata><icao>PHNL</icao><faa>PHNL</faa><name>Honolulu International Airport</name><street1>300 Rodgers Blvd., #12</street1><street2></street2><city>Honolulu</city><cityCode>HNL</cityCode><stateCode>HI</stateCode><postalCode>96819</postalCode><countryCode>US</countryCode><countryName>United States</countryName><regionName>North America</regionName><timeZoneRegionName>Pacific/Honolulu</timeZoneRegionName><weatherZone>HIZ002</weatherZone><localTime>2015-04-29T02:49:19.353</localTime><utcOffsetHours>-10.0</utcOffsetHours><latitude>21.325833</latitude><longitude>-157.921667</longitude><elevationFeet>13</elevationFeet><classification>1</classification><active>true</active><delayIndexUrl>https://api.flightstats.com/flex/delayindex/rest/v1/json/airports/HNL?codeType=fs</delayIndexUrl><weatherUrl>https://api.flightstats.com/flex/weather/rest/v1/json/all/HNL?codeType=fs</weatherUrl></airport><airport><fs>DEN</fs><iata>DEN</iata><icao>KDEN</icao><faa>DEN</faa><name>Denver International Airport</name><street1>8500 Pena Boulevard</street1><city>Denver</city><cityCode>DEN</cityCode><stateCode>CO</stateCode><postalCode>80249-6340</postalCode><countryCode>US</countryCode><countryName>United States</countryName><regionName>North America</regionName><timeZoneRegionName>America/Denver</timeZoneRegionName><weatherZone>COZ040</weatherZone><localTime>2015-04-29T06:49:19.350</localTime><utcOffsetHours>-6.0</utcOffsetHours><latitude>39.851382</latitude><longitude>-104.673098</longitude><elevationFeet>5389</elevationFeet><classification>1</classification><active>true</active><delayIndexUrl>https://api.flightstats.com/flex/delayindex/rest/v1/json/airports/DEN?codeType=fs</delayIndexUrl><weatherUrl>https://api.flightstats.com/flex/weather/rest/v1/json/all/DEN?codeType=fs</weatherUrl></airport><airport><fs>IAD</fs><iata>IAD</iata><icao>KIAD</icao><faa>IAD</faa><name>Washington Dulles International Airport</name><street1>1 Aviation Circle</street1><city>Washington</city><cityCode>WAS</cityCode><stateCode>DC</stateCode><postalCode>20001-6000</postalCode><countryCode>US</countryCode><countryName>United States</countryName><regionName>North America</regionName><timeZoneRegionName>America/New_York</timeZoneRegionName><weatherZone>DCZ001</weatherZone><localTime>2015-04-29T08:49:19.347</localTime><utcOffsetHours>-4.0</utcOffsetHours><latitude>38.95315</latitude><longitude>-77.447735</longitude><elevationFeet>313</elevationFeet><classification>1</classification><active>true</active><delayIndexUrl>https://api.flightstats.com/flex/delayindex/rest/v1/json/airports/IAD?codeType=fs</delayIndexUrl><weatherUrl>https://api.flightstats.com/flex/weather/rest/v1/json/all/IAD?codeType=fs</weatherUrl></airport><airport><fs>IAH</fs><iata>IAH</iata><icao>KIAH</icao><faa>IAH</faa><name>George Bush Intercontinental Airport</name><street1>16930 JFK Boulevard</street1><street2></street2><city>Houston</city><cityCode>HOU</cityCode><stateCode>TX</stateCode><postalCode>77032</postalCode><countryCode>US</countryCode><countryName>United States</countryName><regionName>North America</regionName><timeZoneRegionName>America/Chicago</timeZoneRegionName><weatherZone>TXZ213</weatherZone><localTime>2015-04-29T07:49:19.349</localTime><utcOffsetHours>-5.0</utcOffsetHours><latitude>29.983333</latitude><longitude>-95.34</longitude><elevationFeet>97</elevationFeet><classification>1</classification><active>true</active><delayIndexUrl>https://api.flightstats.com/flex/delayindex/rest/v1/json/airports/IAH?codeType=fs</delayIndexUrl><weatherUrl>https://api.flightstats.com/flex/weather/rest/v1/json/all/IAH?codeType=fs</weatherUrl></airport><airport><fs>BUF</fs><iata>BUF</iata><icao>KBUF</icao><faa>BUF</faa><name>Buffalo Niagara International Airport</name><street1>Genesee Street</street1><street2></street2><city>Buffalo</city><cityCode>BUF</cityCode><stateCode>NY</stateCode><postalCode>14225</postalCode><countryCode>US</countryCode><countryName>United States</countryName><regionName>North America</regionName><timeZoneRegionName>America/New_York</timeZoneRegionName><weatherZone>NYZ010</weatherZone><localTime>2015-04-29T08:49:19.352</localTime><utcOffsetHours>-4.0</utcOffsetHours><latitude>42.933828</latitude><longitude>-78.731804</longitude><elevationFeet>724</elevationFeet><classification>2</classification><active>true</active><delayIndexUrl>https://api.flightstats.com/flex/delayindex/rest/v1/json/airports/BUF?codeType=fs</delayIndexUrl><weatherUrl>https://api.flightstats.com/flex/weather/rest/v1/json/all/BUF?codeType=fs</weatherUrl></airport><airport><fs>FRA</fs><iata>FRA</iata><icao>EDDF</icao><name>Frankfurt am Main Airport</name><city>Frankfurt</city><cityCode>FRA</cityCode><countryCode>DE</countryCode><countryName>Germany</countryName><regionName>Europe</regionName><timeZoneRegionName>Europe/Berlin</timeZoneRegionName><localTime>2015-04-29T14:49:19.348</localTime><utcOffsetHours>2.0</utcOffsetHours><latitude>50.048952</latitude><longitude>8.573678</longitude><elevationFeet>381</elevationFeet><classification>1</classification><active>true</active><delayIndexUrl>https://api.flightstats.com/flex/delayindex/rest/v1/json/airports/FRA?codeType=fs</delayIndexUrl><weatherUrl>https://api.flightstats.com/flex/weather/rest/v1/json/all/FRA?codeType=fs</weatherUrl></airport><airport><fs>MCO</fs><iata>MCO</iata><icao>KMCO</icao><faa>MCO</faa><name>Orlando International Airport</name><street1>One Airport Boulevard</street1><street2></street2><city>Orlando</city><cityCode>ORL</cityCode><stateCode>FL</stateCode><postalCode>32827-4399</postalCode><countryCode>US</countryCode><countryName>United States</countryName><regionName>North America</regionName><timeZoneRegionName>America/New_York</timeZoneRegionName><weatherZone>FLZ045</weatherZone><localTime>2015-04-29T08:49:19.351</localTime><utcOffsetHours>-4.0</utcOffsetHours><latitude>28.432177</latitude><longitude>-81.308301</longitude><elevationFeet>96</elevationFeet><classification>1</classification><active>true</active><delayIndexUrl>https://api.flightstats.com/flex/delayindex/rest/v1/json/airports/MCO?codeType=fs</delayIndexUrl><weatherUrl>https://api.flightstats.com/flex/weather/rest/v1/json/all/MCO?codeType=fs</weatherUrl></airport><airport><fs>KOA</fs><iata>KOA</iata><icao>PHKO</icao><faa>PHKO</faa><name>Kona International Airport at Keahole</name><city>Kailua-Kona</city><cityCode>KOA</cityCode><stateCode>HI</stateCode><postalCode>96734</postalCode><countryCode>US</countryCode><countryName>United States</countryName><regionName>North America</regionName><timeZoneRegionName>Pacific/Honolulu</timeZoneRegionName><weatherZone>HIZ002</weatherZone><localTime>2015-04-29T02:49:19.345</localTime><utcOffsetHours>-10.0</utcOffsetHours><latitude>19.736174</latitude><longitude>-156.041077</longitude><elevationFeet>47</elevationFeet><classification>3</classification><active>true</active><delayIndexUrl>https://api.flightstats.com/flex/delayindex/rest/v1/json/airports/KOA?codeType=fs</delayIndexUrl><weatherUrl>https://api.flightstats.com/flex/weather/rest/v1/json/all/KOA?codeType=fs</weatherUrl></airport><airport><fs>SFO</fs><iata>SFO</iata><icao>KSFO</icao><faa>SFO</faa><name>San Francisco International Airport</name><city>San Francisco</city><cityCode>SFO</cityCode><stateCode>CA</stateCode><postalCode>94128</postalCode><countryCode>US</countryCode><countryName>United States</countryName><regionName>North America</regionName><timeZoneRegionName>America/Los_Angeles</timeZoneRegionName><weatherZone>CAZ508</weatherZone><localTime>2015-04-29T05:49:19.350</localTime><utcOffsetHours>-7.0</utcOffsetHours><latitude>37.615215</latitude><longitude>-122.389881</longitude><elevationFeet>11</elevationFeet><classification>1</classification><active>true</active><delayIndexUrl>https://api.flightstats.com/flex/delayindex/rest/v1/json/airports/SFO?codeType=fs</delayIndexUrl><weatherUrl>https://api.flightstats.com/flex/weather/rest/v1/json/all/SFO?codeType=fs</weatherUrl></airport><airport><fs>SYD</fs><iata>SYD</iata><icao>YSSY</icao><name>Sydney (Kingsford Smith) Airport</name><city>Sydney</city><cityCode>SYD</cityCode><stateCode>NSW</stateCode><countryCode>AU</countryCode><countryName>Australia</countryName><regionName>Oceania</regionName><timeZoneRegionName>Australia/Sydney</timeZoneRegionName><localTime>2015-04-29T22:49:19.353</localTime><utcOffsetHours>10.0</utcOffsetHours><latitude>-33.932922</latitude><longitude>151.179898</longitude><elevationFeet>21</elevationFeet><classification>1</classification><active>true</active><delayIndexUrl>https://api.flightstats.com/flex/delayindex/rest/v1/json/airports/SYD?codeType=fs</delayIndexUrl><weatherUrl>https://api.flightstats.com/flex/weather/rest/v1/json/all/SYD?codeType=fs</weatherUrl></airport></airports><equipments><equipment><iata>77F</iata><name>Boeing 777 Freighter</name><turboProp>false</turboProp><jet>true</jet><widebody>true</widebody><regional>false</regional></equipment><equipment><iata>A320</iata><name>??</name><turboProp>false</turboProp><jet>false</jet><widebody>false</widebody><regional>false</regional></equipment><equipment><iata>320</iata><name>Airbus Industrie A320</name><turboProp>false</turboProp><jet>true</jet><widebody>false</widebody><regional>false</regional></equipment><equipment><iata>752</iata><name>Boeing 757-200 Passenger</name><turboProp>false</turboProp><jet>true</jet><widebody>false</widebody><regional>false</regional></equipment><equipment><iata>738</iata><name>Boeing 737-800 Passenger</name><turboProp>false</turboProp><jet>true</jet><widebody>false</widebody><regional>false</regional></equipment><equipment><iata>74Y</iata><name>Boeing 747-400 Freighter</name><turboProp>false</turboProp><jet>true</jet><widebody>true</widebody><regional>false</regional></equipment><equipment><iata>739</iata><name>Boeing 737-900 Passenger</name><turboProp>false</turboProp><jet>true</jet><widebody>false</widebody><regional>false</regional></equipment></equipments></appendix><flightStatuses><flightStatus><flightId>533961476</flightId><carrierFsCode>AA</carrierFsCode><flightNumber>2279</flightNumber><departureAirportFsCode>ORD</departureAirportFsCode><arrivalAirportFsCode>LAX</arrivalAirportFsCode><departureDate><dateLocal>2015-04-28T21:35:00.000</dateLocal><dateUtc>2015-04-29T02:35:00.000Z</dateUtc></departureDate><arrivalDate><dateLocal>2015-04-29T00:06:00.000</dateLocal><dateUtc>2015-04-29T07:06:00.000Z</dateUtc></arrivalDate><status>L</status><schedule><flightType>J</flightType><serviceClasses>FY</serviceClasses><restrictions></restrictions></schedule><operationalTimes><publishedDeparture><dateLocal>2015-04-28T21:35:00.000</dateLocal><dateUtc>2015-04-29T02:35:00.000Z</dateUtc></publishedDeparture><publishedArrival><dateLocal>2015-04-29T00:06:00.000</dateLocal><dateUtc>2015-04-29T07:06:00.000Z</dateUtc></publishedArrival><scheduledGateDeparture><dateLocal>2015-04-28T21:35:00.000</dateLocal><dateUtc>2015-04-29T02:35:00.000Z</dateUtc></scheduledGateDeparture><estimatedGateDeparture><dateLocal>2015-04-28T21:51:00.000</dateLocal><dateUtc>2015-04-29T02:51:00.000Z</dateUtc></estimatedGateDeparture><actualGateDeparture><dateLocal>2015-04-28T21:51:00.000</dateLocal><dateUtc>2015-04-29T02:51:00.000Z</dateUtc></actualGateDeparture><flightPlanPlannedDeparture><dateLocal>2015-04-28T22:12:00.000</dateLocal><dateUtc>2015-04-29T03:12:00.000Z</dateUtc></flightPlanPlannedDeparture><estimatedRunwayDeparture><dateLocal>2015-04-28T22:11:00.000</dateLocal><dateUtc>2015-04-29T03:11:00.000Z</dateUtc></estimatedRunwayDeparture><actualRunwayDeparture><dateLocal>2015-04-28T22:11:00.000</dateLocal><dateUtc>2015-04-29T03:11:00.000Z</dateUtc></actualRunwayDeparture><scheduledGateArrival><dateLocal>2015-04-29T00:06:00.000</dateLocal><dateUtc>2015-04-29T07:06:00.000Z</dateUtc></scheduledGateArrival><estimatedGateArrival><dateLocal>2015-04-28T23:42:00.000</dateLocal><dateUtc>2015-04-29T06:42:00.000Z</dateUtc></estimatedGateArrival><actualGateArrival><dateLocal>2015-04-28T23:42:00.000</dateLocal><dateUtc>2015-04-29T06:42:00.000Z</dateUtc></actualGateArrival><flightPlanPlannedArrival><dateLocal>2015-04-28T23:31:00.000</dateLocal><dateUtc>2015-04-29T06:31:00.000Z</dateUtc></flightPlanPlannedArrival><estimatedRunwayArrival><dateLocal>2015-04-28T23:36:00.000</dateLocal><dateUtc>2015-04-29T06:36:00.000Z</dateUtc></estimatedRunwayArrival><actualRunwayArrival><dateLocal>2015-04-28T23:36:00.000</dateLocal><dateUtc>2015-04-29T06:36:00.000Z</dateUtc></actualRunwayArrival></operationalTimes><codeshares><codeshare><fsCode>AS</fsCode><flightNumber>1256</flightNumber><relationship>L</relationship></codeshare><codeshare><fsCode>GF</fsCode><flightNumber>4154</flightNumber><relationship>L</relationship></codeshare><codeshare><fsCode>US</fsCode><flightNumber>2279</flightNumber><relationship>L</relationship></codeshare></codeshares><delays><departureGateDelayMinutes>16</departureGateDelayMinutes><arrivalRunwayDelayMinutes>5</arrivalRunwayDelayMinutes></delays><flightDurations><scheduledBlockMinutes>271</scheduledBlockMinutes><blockMinutes>231</blockMinutes><scheduledAirMinutes>199</scheduledAirMinutes><airMinutes>205</airMinutes><scheduledTaxiOutMinutes>37</scheduledTaxiOutMinutes><taxiOutMinutes>20</taxiOutMinutes><scheduledTaxiInMinutes>35</scheduledTaxiInMinutes><taxiInMinutes>6</taxiInMinutes></flightDurations><airportResources><departureTerminal>3</departureTerminal><departureGate>K12</departureGate><arrivalTerminal>4</arrivalTerminal><arrivalGate>48B</arrivalGate></airportResources><flightEquipment><scheduledEquipmentIataCode>738</scheduledEquipmentIataCode><tailNumber>N931NN</tailNumber></flightEquipment></flightStatus><flightStatus><flightId>534419756</flightId><carrierFsCode>UA</carrierFsCode><flightNumber>1296</flightNumber><departureAirportFsCode>ORD</departureAirportFsCode><arrivalAirportFsCode>LAX</arrivalAirportFsCode><departureDate><dateLocal>2015-04-29T06:00:00.000</dateLocal><dateUtc>2015-04-29T11:00:00.000Z</dateUtc></departureDate><arrivalDate><dateLocal>2015-04-29T08:35:00.000</dateLocal><dateUtc>2015-04-29T15:35:00.000Z</dateUtc></arrivalDate><status>A</status><schedule><flightType>J</flightType><serviceClasses>FJY</serviceClasses><restrictions></restrictions><downlines><downline><fsCode>KOA</fsCode><flightId>534403936</flightId></downline></downlines></schedule><operationalTimes><publishedDeparture><dateLocal>2015-04-29T06:00:00.000</dateLocal><dateUtc>2015-04-29T11:00:00.000Z</dateUtc></publishedDeparture><publishedArrival><dateLocal>2015-04-29T08:35:00.000</dateLocal><dateUtc>2015-04-29T15:35:00.000Z</dateUtc></publishedArrival><scheduledGateDeparture><dateLocal>2015-04-29T06:00:00.000</dateLocal><dateUtc>2015-04-29T11:00:00.000Z</dateUtc></scheduledGateDeparture><estimatedGateDeparture><dateLocal>2015-04-29T05:56:00.000</dateLocal><dateUtc>2015-04-29T10:56:00.000Z</dateUtc></estimatedGateDeparture><actualGateDeparture><dateLocal>2015-04-29T05:56:00.000</dateLocal><dateUtc>2015-04-29T10:56:00.000Z</dateUtc></actualGateDeparture><flightPlanPlannedDeparture><dateLocal>2015-04-29T06:10:00.000</dateLocal><dateUtc>2015-04-29T11:10:00.000Z</dateUtc></flightPlanPlannedDeparture><estimatedRunwayDeparture><dateLocal>2015-04-29T06:12:00.000</dateLocal><dateUtc>2015-04-29T11:12:00.000Z</dateUtc></estimatedRunwayDeparture><actualRunwayDeparture><dateLocal>2015-04-29T06:12:00.000</dateLocal><dateUtc>2015-04-29T11:12:00.000Z</dateUtc></actualRunwayDeparture><scheduledGateArrival><dateLocal>2015-04-29T08:35:00.000</dateLocal><dateUtc>2015-04-29T15:35:00.000Z</dateUtc></scheduledGateArrival><estimatedGateArrival><dateLocal>2015-04-29T08:04:00.000</dateLocal><dateUtc>2015-04-29T15:04:00.000Z</dateUtc></estimatedGateArrival><flightPlanPlannedArrival><dateLocal>2015-04-29T07:43:00.000</dateLocal><dateUtc>2015-04-29T14:43:00.000Z</dateUtc></flightPlanPlannedArrival><estimatedRunwayArrival><dateLocal>2015-04-29T07:51:00.000</dateLocal><dateUtc>2015-04-29T14:51:00.000Z</dateUtc></estimatedRunwayArrival></operationalTimes><codeshares><codeshare><fsCode>AC</fsCode><flightNumber>5142</flightNumber><relationship>L</relationship></codeshare><codeshare><fsCode>CA</fsCode><flightNumber>7292</flightNumber><relationship>L</relationship></codeshare><codeshare><fsCode>NZ</fsCode><flightNumber>9007</flightNumber><relationship>L</relationship></codeshare></codeshares><delays><departureRunwayDelayMinutes>2</departureRunwayDelayMinutes><arrivalRunwayDelayMinutes>8</arrivalRunwayDelayMinutes></delays><flightDurations><scheduledBlockMinutes>275</scheduledBlockMinutes><scheduledAirMinutes>213</scheduledAirMinutes><scheduledTaxiOutMinutes>10</scheduledTaxiOutMinutes><taxiOutMinutes>16</taxiOutMinutes><scheduledTaxiInMinutes>52</scheduledTaxiInMinutes></flightDurations><airportResources><departureTerminal>1</departureTerminal><departureGate>C16</departureGate><arrivalTerminal>7</arrivalTerminal><arrivalGate>72</arrivalGate><baggage>3</baggage></airportResources><flightEquipment><scheduledEquipmentIataCode>738</scheduledEquipmentIataCode><tailNumber>N76522</tailNumber></flightEquipment></flightStatus><flightStatus><flightId>534419749</flightId><carrierFsCode>NK</carrierFsCode><flightNumber>737</flightNumber><departureAirportFsCode>ORD</departureAirportFsCode><arrivalAirportFsCode>LAX</arrivalAirportFsCode><departureDate><dateLocal>2015-04-29T06:25:00.000</dateLocal><dateUtc>2015-04-29T11:25:00.000Z</dateUtc></departureDate><arrivalDate><dateLocal>2015-04-29T08:45:00.000</dateLocal><dateUtc>2015-04-29T15:45:00.000Z</dateUtc></arrivalDate><status>A</status><schedule><flightType>J</flightType><serviceClasses>RY</serviceClasses><restrictions></restrictions></schedule><operationalTimes><publishedDeparture><dateLocal>2015-04-29T06:25:00.000</dateLocal><dateUtc>2015-04-29T11:25:00.000Z</dateUtc></publishedDeparture><publishedArrival><dateLocal>2015-04-29T08:45:00.000</dateLocal><dateUtc>2015-04-29T15:45:00.000Z</dateUtc></publishedArrival><scheduledGateDeparture><dateLocal>2015-04-29T06:25:00.000</dateLocal><dateUtc>2015-04-29T11:25:00.000Z</dateUtc></scheduledGateDeparture><estimatedGateDeparture><dateLocal>2015-04-29T06:25:00.000</dateLocal><dateUtc>2015-04-29T11:25:00.000Z</dateUtc></estimatedGateDeparture><flightPlanPlannedDeparture><dateLocal>2015-04-29T06:52:00.000</dateLocal><dateUtc>2015-04-29T11:52:00.000Z</dateUtc></flightPlanPlannedDeparture><estimatedRunwayDeparture><dateLocal>2015-04-29T06:52:00.000</dateLocal><dateUtc>2015-04-29T11:52:00.000Z</dateUtc></estimatedRunwayDeparture><actualRunwayDeparture><dateLocal>2015-04-29T06:52:00.000</dateLocal><dateUtc>2015-04-29T11:52:00.000Z</dateUtc></actualRunwayDeparture><scheduledGateArrival><dateLocal>2015-04-29T08:45:00.000</dateLocal><dateUtc>2015-04-29T15:45:00.000Z</dateUtc></scheduledGateArrival><estimatedGateArrival><dateLocal>2015-04-29T08:23:00.000</dateLocal><dateUtc>2015-04-29T15:23:00.000Z</dateUtc></estimatedGateArrival><flightPlanPlannedArrival><dateLocal>2015-04-29T08:18:00.000</dateLocal><dateUtc>2015-04-29T15:18:00.000Z</dateUtc></flightPlanPlannedArrival><estimatedRunwayArrival><dateLocal>2015-04-29T08:18:00.000</dateLocal><dateUtc>2015-04-29T15:18:00.000Z</dateUtc></estimatedRunwayArrival></operationalTimes><flightDurations><scheduledBlockMinutes>260</scheduledBlockMinutes><scheduledAirMinutes>206</scheduledAirMinutes><scheduledTaxiOutMinutes>27</scheduledTaxiOutMinutes><scheduledTaxiInMinutes>27</scheduledTaxiInMinutes></flightDurations><airportResources><departureTerminal>3</departureTerminal><departureGate>L9</departureGate><arrivalTerminal>3</arrivalTerminal><arrivalGate>33A</arrivalGate></airportResources><flightEquipment><scheduledEquipmentIataCode>320</scheduledEquipmentIataCode><actualEquipmentIataCode>A320</actualEquipmentIataCode><tailNumber>N630NK</tailNumber></flightEquipment></flightStatus><flightStatus><flightId>534419770</flightId><carrierFsCode>UA</carrierFsCode><flightNumber>1587</flightNumber><departureAirportFsCode>ORD</departureAirportFsCode><arrivalAirportFsCode>LAX</arrivalAirportFsCode><departureDate><dateLocal>2015-04-29T07:32:00.000</dateLocal><dateUtc>2015-04-29T12:32:00.000Z</dateUtc></departureDate><arrivalDate><dateLocal>2015-04-29T10:05:00.000</dateLocal><dateUtc>2015-04-29T17:05:00.000Z</dateUtc></arrivalDate><status>A</status><schedule><flightType>J</flightType><serviceClasses>FJY</serviceClasses><restrictions></restrictions></schedule><operationalTimes><publishedDeparture><dateLocal>2015-04-29T07:32:00.000</dateLocal><dateUtc>2015-04-29T12:32:00.000Z</dateUtc></publishedDeparture><publishedArrival><dateLocal>2015-04-29T10:05:00.000</dateLocal><dateUtc>2015-04-29T17:05:00.000Z</dateUtc></publishedArrival><scheduledGateDeparture><dateLocal>2015-04-29T07:32:00.000</dateLocal><dateUtc>2015-04-29T12:32:00.000Z</dateUtc></scheduledGateDeparture><estimatedGateDeparture><dateLocal>2015-04-29T07:28:00.000</dateLocal><dateUtc>2015-04-29T12:28:00.000Z</dateUtc></estimatedGateDeparture><actualGateDeparture><dateLocal>2015-04-29T07:28:00.000</dateLocal><dateUtc>2015-04-29T12:28:00.000Z</dateUtc></actualGateDeparture><flightPlanPlannedDeparture><dateLocal>2015-04-29T07:44:00.000</dateLocal><dateUtc>2015-04-29T12:44:00.000Z</dateUtc></flightPlanPlannedDeparture><estimatedRunwayDeparture><dateLocal>2015-04-29T07:44:00.000</dateLocal><dateUtc>2015-04-29T12:44:00.000Z</dateUtc></estimatedRunwayDeparture><actualRunwayDeparture><dateLocal>2015-04-29T07:44:00.000</dateLocal><dateUtc>2015-04-29T12:44:00.000Z</dateUtc></actualRunwayDeparture><scheduledGateArrival><dateLocal>2015-04-29T10:05:00.000</dateLocal><dateUtc>2015-04-29T17:05:00.000Z</dateUtc></scheduledGateArrival><estimatedGateArrival><dateLocal>2015-04-29T09:26:00.000</dateLocal><dateUtc>2015-04-29T16:26:00.000Z</dateUtc></estimatedGateArrival><flightPlanPlannedArrival><dateLocal>2015-04-29T09:11:00.000</dateLocal><dateUtc>2015-04-29T16:11:00.000Z</dateUtc></flightPlanPlannedArrival><estimatedRunwayArrival><dateLocal>2015-04-29T09:11:00.000</dateLocal><dateUtc>2015-04-29T16:11:00.000Z</dateUtc></estimatedRunwayArrival></operationalTimes><codeshares><codeshare><fsCode>AC</fsCode><flightNumber>5063</flightNumber><relationship>L</relationship></codeshare><codeshare><fsCode>NZ</fsCode><flightNumber>9205</flightNumber><relationship>L</relationship></codeshare><codeshare><fsCode>OZ</fsCode><flightNumber>6271</flightNumber><relationship>L</relationship></codeshare></codeshares><flightDurations><scheduledBlockMinutes>273</scheduledBlockMinutes><scheduledAirMinutes>207</scheduledAirMinutes><scheduledTaxiOutMinutes>12</scheduledTaxiOutMinutes><taxiOutMinutes>16</taxiOutMinutes><scheduledTaxiInMinutes>54</scheduledTaxiInMinutes></flightDurations><airportResources><departureTerminal>1</departureTerminal><departureGate>C22</departureGate><arrivalTerminal>8</arrivalTerminal><arrivalGate>85</arrivalGate><baggage>3</baggage></airportResources><flightEquipment><scheduledEquipmentIataCode>739</scheduledEquipmentIataCode><tailNumber>N66837</tailNumber></flightEquipment></flightStatus><flightStatus><flightId>534419759</flightId><carrierFsCode>AA</carrierFsCode><flightNumber>1243</flightNumber><departureAirportFsCode>ORD</departureAirportFsCode><arrivalAirportFsCode>LAX</arrivalAirportFsCode><departureDate><dateLocal>2015-04-29T07:40:00.000</dateLocal><dateUtc>2015-04-29T12:40:00.000Z</dateUtc></departureDate><arrivalDate><dateLocal>2015-04-29T10:16:00.000</dateLocal><dateUtc>2015-04-29T17:16:00.000Z</dateUtc></arrivalDate><status>A</status><schedule><flightType>J</flightType><serviceClasses>FY</serviceClasses><restrictions></restrictions></schedule><operationalTimes><publishedDeparture><dateLocal>2015-04-29T07:40:00.000</dateLocal><dateUtc>2015-04-29T12:40:00.000Z</dateUtc></publishedDeparture><publishedArrival><dateLocal>2015-04-29T10:16:00.000</dateLocal><dateUtc>2015-04-29T17:16:00.000Z</dateUtc></publishedArrival><scheduledGateDeparture><dateLocal>2015-04-29T07:40:00.000</dateLocal><dateUtc>2015-04-29T12:40:00.000Z</dateUtc></scheduledGateDeparture><estimatedGateDeparture><dateLocal>2015-04-29T07:32:00.000</dateLocal><dateUtc>2015-04-29T12:32:00.000Z</dateUtc></estimatedGateDeparture><actualGateDeparture><dateLocal>2015-04-29T07:32:00.000</dateLocal><dateUtc>2015-04-29T12:32:00.000Z</dateUtc></actualGateDeparture><flightPlanPlannedDeparture><dateLocal>2015-04-29T08:06:00.000</dateLocal><dateUtc>2015-04-29T13:06:00.000Z</dateUtc></flightPlanPlannedDeparture><estimatedRunwayDeparture><dateLocal>2015-04-29T07:58:00.000</dateLocal><dateUtc>2015-04-29T12:58:00.000Z</dateUtc></estimatedRunwayDeparture><scheduledGateArrival><dateLocal>2015-04-29T10:16:00.000</dateLocal><dateUtc>2015-04-29T17:16:00.000Z</dateUtc></scheduledGateArrival><estimatedGateArrival><dateLocal>2015-04-29T09:41:00.000</dateLocal><dateUtc>2015-04-29T16:41:00.000Z</dateUtc></estimatedGateArrival><flightPlanPlannedArrival><dateLocal>2015-04-29T09:38:00.000</dateLocal><dateUtc>2015-04-29T16:38:00.000Z</dateUtc></flightPlanPlannedArrival><estimatedRunwayArrival><dateLocal>2015-04-29T09:30:00.000</dateLocal><dateUtc>2015-04-29T16:30:00.000Z</dateUtc></estimatedRunwayArrival></operationalTimes><codeshares><codeshare><fsCode>AS</fsCode><flightNumber>1300</flightNumber><relationship>L</relationship></codeshare><codeshare><fsCode>BA</fsCode><flightNumber>4348</flightNumber><relationship>L</relationship></codeshare><codeshare><fsCode>FJ</fsCode><flightNumber>5008</flightNumber><relationship>L</relationship></codeshare><codeshare><fsCode>MH</fsCode><flightNumber>9349</flightNumber><relationship>L</relationship></codeshare><codeshare><fsCode>US</fsCode><flightNumber>1243</flightNumber><relationship>L</relationship></codeshare></codeshares><flightDurations><scheduledBlockMinutes>276</scheduledBlockMinutes><scheduledAirMinutes>212</scheduledAirMinutes><scheduledTaxiOutMinutes>26</scheduledTaxiOutMinutes><scheduledTaxiInMinutes>38</scheduledTaxiInMinutes></flightDurations><airportResources><departureTerminal>3</departureTerminal><departureGate>K10</departureGate><arrivalTerminal>4</arrivalTerminal><arrivalGate>40</arrivalGate><baggage>2</baggage></airportResources><flightEquipment><scheduledEquipmentIataCode>738</scheduledEquipmentIataCode><tailNumber>N966NN</tailNumber></flightEquipment></flightStatus><flightStatus><flightId>534419760</flightId><carrierFsCode>AA</carrierFsCode><flightNumber>1081</flightNumber><departureAirportFsCode>ORD</departureAirportFsCode><arrivalAirportFsCode>LAX</arrivalAirportFsCode><departureDate><dateLocal>2015-04-29T09:10:00.000</dateLocal><dateUtc>2015-04-29T14:10:00.000Z</dateUtc></departureDate><arrivalDate><dateLocal>2015-04-29T11:48:00.000</dateLocal><dateUtc>2015-04-29T18:48:00.000Z</dateUtc></arrivalDate><status>S</status><schedule><flightType>J</flightType><serviceClasses>FY</serviceClasses><restrictions></restrictions></schedule><operationalTimes><publishedDeparture><dateLocal>2015-04-29T09:10:00.000</dateLocal><dateUtc>2015-04-29T14:10:00.000Z</dateUtc></publishedDeparture><publishedArrival><dateLocal>2015-04-29T11:48:00.000</dateLocal><dateUtc>2015-04-29T18:48:00.000Z</dateUtc></publishedArrival><scheduledGateDeparture><dateLocal>2015-04-29T09:10:00.000</dateLocal><dateUtc>2015-04-29T14:10:00.000Z</dateUtc></scheduledGateDeparture><estimatedGateDeparture><dateLocal>2015-04-29T09:10:00.000</dateLocal><dateUtc>2015-04-29T14:10:00.000Z</dateUtc></estimatedGateDeparture><flightPlanPlannedDeparture><dateLocal>2015-04-29T09:14:00.000</dateLocal><dateUtc>2015-04-29T14:14:00.000Z</dateUtc></flightPlanPlannedDeparture><scheduledGateArrival><dateLocal>2015-04-29T11:48:00.000</dateLocal><dateUtc>2015-04-29T18:48:00.000Z</dateUtc></scheduledGateArrival><estimatedGateArrival><dateLocal>2015-04-29T11:48:00.000</dateLocal><dateUtc>2015-04-29T18:48:00.000Z</dateUtc></estimatedGateArrival><flightPlanPlannedArrival><dateLocal>2015-04-29T10:48:00.000</dateLocal><dateUtc>2015-04-29T17:48:00.000Z</dateUtc></flightPlanPlannedArrival></operationalTimes><codeshares><codeshare><fsCode>AS</fsCode><flightNumber>1322</flightNumber><relationship>L</relationship></codeshare><codeshare><fsCode>JL</fsCode><flightNumber>7523</flightNumber><relationship>L</relationship></codeshare><codeshare><fsCode>MH</fsCode><flightNumber>9351</flightNumber><relationship>L</relationship></codeshare><codeshare><fsCode>QF</fsCode><flightNumber>3160</flightNumber><relationship>L</relationship></codeshare><codeshare><fsCode>TN</fsCode><flightNumber>1145</flightNumber><relationship>L</relationship></codeshare><codeshare><fsCode>US</fsCode><flightNumber>1081</flightNumber><relationship>L</relationship></codeshare></codeshares><flightDurations><scheduledBlockMinutes>278</scheduledBlockMinutes><scheduledAirMinutes>214</scheduledAirMinutes><scheduledTaxiOutMinutes>4</scheduledTaxiOutMinutes><scheduledTaxiInMinutes>60</scheduledTaxiInMinutes></flightDurations><airportResources><departureTerminal>3</departureTerminal><departureGate>K5</departureGate><arrivalTerminal>4</arrivalTerminal><arrivalGate>47A</arrivalGate><baggage>2</baggage></airportResources><flightEquipment><scheduledEquipmentIataCode>738</scheduledEquipmentIataCode><tailNumber>N926NN</tailNumber></flightEquipment></flightStatus><flightStatus><flightId>534419751</flightId><carrierFsCode>UA</carrierFsCode><flightNumber>772</flightNumber><departureAirportFsCode>ORD</departureAirportFsCode><arrivalAirportFsCode>LAX</arrivalAirportFsCode><departureDate><dateLocal>2015-04-29T09:15:00.000</dateLocal><dateUtc>2015-04-29T14:15:00.000Z</dateUtc></departureDate><arrivalDate><dateLocal>2015-04-29T11:44:00.000</dateLocal><dateUtc>2015-04-29T18:44:00.000Z</dateUtc></arrivalDate><status>S</status><schedule><flightType>J</flightType><serviceClasses>FJY</serviceClasses><restrictions></restrictions><downlines><downline><fsCode>IAD</fsCode><flightId>534403864</flightId></downline></downlines></schedule><operationalTimes><publishedDeparture><dateLocal>2015-04-29T09:15:00.000</dateLocal><dateUtc>2015-04-29T14:15:00.000Z</dateUtc></publishedDeparture><publishedArrival><dateLocal>2015-04-29T11:44:00.000</dateLocal><dateUtc>2015-04-29T18:44:00.000Z</dateUtc></publishedArrival><scheduledGateDeparture><dateLocal>2015-04-29T09:15:00.000</dateLocal><dateUtc>2015-04-29T14:15:00.000Z</dateUtc></scheduledGateDeparture><estimatedGateDeparture><dateLocal>2015-04-29T09:15:00.000</dateLocal><dateUtc>2015-04-29T14:15:00.000Z</dateUtc></estimatedGateDeparture><flightPlanPlannedDeparture><dateLocal>2015-04-29T09:24:00.000</dateLocal><dateUtc>2015-04-29T14:24:00.000Z</dateUtc></flightPlanPlannedDeparture><estimatedRunwayDeparture><dateLocal>2015-04-29T09:24:00.000</dateLocal><dateUtc>2015-04-29T14:24:00.000Z</dateUtc></estimatedRunwayDeparture><scheduledGateArrival><dateLocal>2015-04-29T11:44:00.000</dateLocal><dateUtc>2015-04-29T18:44:00.000Z</dateUtc></scheduledGateArrival><estimatedGateArrival><dateLocal>2015-04-29T11:44:00.000</dateLocal><dateUtc>2015-04-29T18:44:00.000Z</dateUtc></estimatedGateArrival><flightPlanPlannedArrival><dateLocal>2015-04-29T10:56:00.000</dateLocal><dateUtc>2015-04-29T17:56:00.000Z</dateUtc></flightPlanPlannedArrival><estimatedRunwayArrival><dateLocal>2015-04-29T10:56:00.000</dateLocal><dateUtc>2015-04-29T17:56:00.000Z</dateUtc></estimatedRunwayArrival></operationalTimes><codeshares><codeshare><fsCode>AC</fsCode><flightNumber>5475</flightNumber><relationship>L</relationship></codeshare><codeshare><fsCode>CA</fsCode><flightNumber>7291</flightNumber><relationship>L</relationship></codeshare><codeshare><fsCode>NZ</fsCode><flightNumber>9201</flightNumber><relationship>L</relationship></codeshare></codeshares><flightDurations><scheduledBlockMinutes>269</scheduledBlockMinutes><scheduledAirMinutes>212</scheduledAirMinutes><scheduledTaxiOutMinutes>9</scheduledTaxiOutMinutes><scheduledTaxiInMinutes>48</scheduledTaxiInMinutes></flightDurations><airportResources><departureTerminal>1</departureTerminal><departureGate>C15</departureGate><arrivalTerminal>7</arrivalTerminal><arrivalGate>75B</arrivalGate><baggage>3</baggage></airportResources><flightEquipment><scheduledEquipmentIataCode>752</scheduledEquipmentIataCode><tailNumber>N537UA</tailNumber></flightEquipment></flightStatus><flightStatus><flightId>534419772</flightId><carrierFsCode>VX</carrierFsCode><flightNumber>231</flightNumber><departureAirportFsCode>ORD</departureAirportFsCode><arrivalAirportFsCode>LAX</arrivalAirportFsCode><departureDate><dateLocal>2015-04-29T09:20:00.000</dateLocal><dateUtc>2015-04-29T14:20:00.000Z</dateUtc></departureDate><arrivalDate><dateLocal>2015-04-29T11:45:00.000</dateLocal><dateUtc>2015-04-29T18:45:00.000Z</dateUtc></arrivalDate><status>S</status><schedule><flightType>J</flightType><serviceClasses>FJY</serviceClasses><restrictions></restrictions></schedule><operationalTimes><publishedDeparture><dateLocal>2015-04-29T09:20:00.000</dateLocal><dateUtc>2015-04-29T14:20:00.000Z</dateUtc></publishedDeparture><publishedArrival><dateLocal>2015-04-29T11:45:00.000</dateLocal><dateUtc>2015-04-29T18:45:00.000Z</dateUtc></publishedArrival><scheduledGateDeparture><dateLocal>2015-04-29T09:20:00.000</dateLocal><dateUtc>2015-04-29T14:20:00.000Z</dateUtc></scheduledGateDeparture><flightPlanPlannedDeparture><dateLocal>2015-04-29T09:34:00.000</dateLocal><dateUtc>2015-04-29T14:34:00.000Z</dateUtc></flightPlanPlannedDeparture><estimatedRunwayDeparture><dateLocal>2015-04-29T09:34:00.000</dateLocal><dateUtc>2015-04-29T14:34:00.000Z</dateUtc></estimatedRunwayDeparture><scheduledGateArrival><dateLocal>2015-04-29T11:45:00.000</dateLocal><dateUtc>2015-04-29T18:45:00.000Z</dateUtc></scheduledGateArrival><flightPlanPlannedArrival><dateLocal>2015-04-29T11:04:00.000</dateLocal><dateUtc>2015-04-29T18:04:00.000Z</dateUtc></flightPlanPlannedArrival><estimatedRunwayArrival><dateLocal>2015-04-29T11:04:00.000</dateLocal><dateUtc>2015-04-29T18:04:00.000Z</dateUtc></estimatedRunwayArrival></operationalTimes><codeshares><codeshare><fsCode>CI</fsCode><flightNumber>9605</flightNumber><relationship>L</relationship></codeshare><codeshare><fsCode>HA</fsCode><flightNumber>2525</flightNumber><relationship>L</relationship></codeshare><codeshare><fsCode>MU</fsCode><flightNumber>3897</flightNumber><relationship>L</relationship></codeshare><codeshare><fsCode>SQ</fsCode><flightNumber>1313</flightNumber><relationship>L</relationship></codeshare><codeshare><fsCode>VA</fsCode><flightNumber>5213</flightNumber><relationship>L</relationship></codeshare></codeshares><flightDurations><scheduledBlockMinutes>265</scheduledBlockMinutes><scheduledAirMinutes>210</scheduledAirMinutes><scheduledTaxiOutMinutes>14</scheduledTaxiOutMinutes><scheduledTaxiInMinutes>41</scheduledTaxiInMinutes></flightDurations><airportResources><departureTerminal>3</departureTerminal><departureGate>L3</departureGate><arrivalTerminal>3</arrivalTerminal><arrivalGate>37B</arrivalGate><baggage> </baggage></airportResources><flightEquipment><scheduledEquipmentIataCode>320</scheduledEquipmentIataCode><tailNumber>N629VA</tailNumber></flightEquipment></flightStatus><flightStatus><flightId>534419747</flightId><carrierFsCode>LH</carrierFsCode><flightNumber>8230</flightNumber><departureAirportFsCode>ORD</departureAirportFsCode><arrivalAirportFsCode>LAX</arrivalAirportFsCode><departureDate><dateLocal>2015-04-29T10:15:00.000</dateLocal><dateUtc>2015-04-29T15:15:00.000Z</dateUtc></departureDate><arrivalDate><dateLocal>2015-04-29T12:35:00.000</dateLocal><dateUtc>2015-04-29T19:35:00.000Z</dateUtc></arrivalDate><status>S</status><schedule><flightType>F</flightType><serviceClasses>F</serviceClasses><restrictions>A</restrictions><uplines><upline><fsCode>FRA</fsCode><flightId>534387305</flightId></upline></uplines></schedule><operationalTimes><publishedDeparture><dateLocal>2015-04-29T10:15:00.000</dateLocal><dateUtc>2015-04-29T15:15:00.000Z</dateUtc></publishedDeparture><publishedArrival><dateLocal>2015-04-29T12:35:00.000</dateLocal><dateUtc>2015-04-29T19:35:00.000Z</dateUtc></publishedArrival><scheduledGateDeparture><dateLocal>2015-04-29T10:15:00.000</dateLocal><dateUtc>2015-04-29T15:15:00.000Z</dateUtc></scheduledGateDeparture><scheduledGateArrival><dateLocal>2015-04-29T12:35:00.000</dateLocal><dateUtc>2015-04-29T19:35:00.000Z</dateUtc></scheduledGateArrival></operationalTimes><flightDurations><scheduledBlockMinutes>260</scheduledBlockMinutes></flightDurations><flightEquipment><scheduledEquipmentIataCode>77F</scheduledEquipmentIataCode></flightEquipment></flightStatus><flightStatus><flightId>534419763</flightId><carrierFsCode>AA</carrierFsCode><flightNumber>990</flightNumber><departureAirportFsCode>ORD</departureAirportFsCode><arrivalAirportFsCode>LAX</arrivalAirportFsCode><departureDate><dateLocal>2015-04-29T10:30:00.000</dateLocal><dateUtc>2015-04-29T15:30:00.000Z</dateUtc></departureDate><arrivalDate><dateLocal>2015-04-29T13:04:00.000</dateLocal><dateUtc>2015-04-29T20:04:00.000Z</dateUtc></arrivalDate><status>S</status><schedule><flightType>J</flightType><serviceClasses>FY</serviceClasses><restrictions></restrictions></schedule><operationalTimes><publishedDeparture><dateLocal>2015-04-29T10:30:00.000</dateLocal><dateUtc>2015-04-29T15:30:00.000Z</dateUtc></publishedDeparture><publishedArrival><dateLocal>2015-04-29T13:04:00.000</dateLocal><dateUtc>2015-04-29T20:04:00.000Z</dateUtc></publishedArrival><scheduledGateDeparture><dateLocal>2015-04-29T10:30:00.000</dateLocal><dateUtc>2015-04-29T15:30:00.000Z</dateUtc></scheduledGateDeparture><estimatedGateDeparture><dateLocal>2015-04-29T10:30:00.000</dateLocal><dateUtc>2015-04-29T15:30:00.000Z</dateUtc></estimatedGateDeparture><flightPlanPlannedDeparture><dateLocal>2015-04-29T10:36:00.000</dateLocal><dateUtc>2015-04-29T15:36:00.000Z</dateUtc></flightPlanPlannedDeparture><scheduledGateArrival><dateLocal>2015-04-29T13:04:00.000</dateLocal><dateUtc>2015-04-29T20:04:00.000Z</dateUtc></scheduledGateArrival><estimatedGateArrival><dateLocal>2015-04-29T13:04:00.000</dateLocal><dateUtc>2015-04-29T20:04:00.000Z</dateUtc></estimatedGateArrival><flightPlanPlannedArrival><dateLocal>2015-04-29T12:10:00.000</dateLocal><dateUtc>2015-04-29T19:10:00.000Z</dateUtc></flightPlanPlannedArrival></operationalTimes><codeshares><codeshare><fsCode>AS</fsCode><flightNumber>1017</flightNumber><relationship>L</relationship></codeshare><codeshare><fsCode>BA</fsCode><flightNumber>4342</flightNumber><relationship>L</relationship></codeshare><codeshare><fsCode>MH</fsCode><flightNumber>9430</flightNumber><relationship>L</relationship></codeshare><codeshare><fsCode>QF</fsCode><flightNumber>3056</flightNumber><relationship>L</relationship></codeshare><codeshare><fsCode>US</fsCode><flightNumber>990</flightNumber><relationship>L</relationship></codeshare></codeshares><flightDurations><scheduledBlockMinutes>274</scheduledBlockMinutes><scheduledAirMinutes>214</scheduledAirMinutes><scheduledTaxiOutMinutes>6</scheduledTaxiOutMinutes><scheduledTaxiInMinutes>54</scheduledTaxiInMinutes></flightDurations><airportResources><departureTerminal>3</departureTerminal><departureGate>K5</departureGate><arrivalTerminal>4</arrivalTerminal><arrivalGate>45</arrivalGate></airportResources><flightEquipment><scheduledEquipmentIataCode>738</scheduledEquipmentIataCode><tailNumber>N832NN</tailNumber></flightEquipment></flightStatus><flightStatus><flightId>534419750</flightId><carrierFsCode>UA</carrierFsCode><flightNumber>531</flightNumber><departureAirportFsCode>ORD</departureAirportFsCode><arrivalAirportFsCode>LAX</arrivalAirportFsCode><departureDate><dateLocal>2015-04-29T10:40:00.000</dateLocal><dateUtc>2015-04-29T15:40:00.000Z</dateUtc></departureDate><arrivalDate><dateLocal>2015-04-29T13:08:00.000</dateLocal><dateUtc>2015-04-29T20:08:00.000Z</dateUtc></arrivalDate><status>S</status><schedule><flightType>J</flightType><serviceClasses>FJY</serviceClasses><restrictions></restrictions><uplines><upline><fsCode>DCA</fsCode><flightId>534378087</flightId></upline></uplines></schedule><operationalTimes><publishedDeparture><dateLocal>2015-04-29T10:40:00.000</dateLocal><dateUtc>2015-04-29T15:40:00.000Z</dateUtc></publishedDeparture><publishedArrival><dateLocal>2015-04-29T13:08:00.000</dateLocal><dateUtc>2015-04-29T20:08:00.000Z</dateUtc></publishedArrival><scheduledGateDeparture><dateLocal>2015-04-29T10:40:00.000</dateLocal><dateUtc>2015-04-29T15:40:00.000Z</dateUtc></scheduledGateDeparture><estimatedGateDeparture><dateLocal>2015-04-29T10:40:00.000</dateLocal><dateUtc>2015-04-29T15:40:00.000Z</dateUtc></estimatedGateDeparture><flightPlanPlannedDeparture><dateLocal>2015-04-29T10:48:00.000</dateLocal><dateUtc>2015-04-29T15:48:00.000Z</dateUtc></flightPlanPlannedDeparture><estimatedRunwayDeparture><dateLocal>2015-04-29T10:48:00.000</dateLocal><dateUtc>2015-04-29T15:48:00.000Z</dateUtc></estimatedRunwayDeparture><scheduledGateArrival><dateLocal>2015-04-29T13:08:00.000</dateLocal><dateUtc>2015-04-29T20:08:00.000Z</dateUtc></scheduledGateArrival><estimatedGateArrival><dateLocal>2015-04-29T13:08:00.000</dateLocal><dateUtc>2015-04-29T20:08:00.000Z</dateUtc></estimatedGateArrival><flightPlanPlannedArrival><dateLocal>2015-04-29T12:19:00.000</dateLocal><dateUtc>2015-04-29T19:19:00.000Z</dateUtc></flightPlanPlannedArrival><estimatedRunwayArrival><dateLocal>2015-04-29T12:19:00.000</dateLocal><dateUtc>2015-04-29T19:19:00.000Z</dateUtc></estimatedRunwayArrival></operationalTimes><codeshares><codeshare><fsCode>AC</fsCode><flightNumber>5039</flightNumber><relationship>L</relationship></codeshare><codeshare><fsCode>NZ</fsCode><flightNumber>9197</flightNumber><relationship>L</relationship></codeshare></codeshares><flightDurations><scheduledBlockMinutes>268</scheduledBlockMinutes><scheduledAirMinutes>211</scheduledAirMinutes><scheduledTaxiOutMinutes>8</scheduledTaxiOutMinutes><scheduledTaxiInMinutes>49</scheduledTaxiInMinutes></flightDurations><airportResources><departureTerminal>1</departureTerminal><departureGate>B20</departureGate><arrivalTerminal>7</arrivalTerminal><arrivalGate>75B</arrivalGate><baggage>3</baggage></airportResources><flightEquipment><scheduledEquipmentIataCode>320</scheduledEquipmentIataCode><tailNumber>N405UA</tailNumber></flightEquipment></flightStatus><flightStatus><flightId>534419773</flightId><carrierFsCode>AA</carrierFsCode><flightNumber>2220</flightNumber><departureAirportFsCode>ORD</departureAirportFsCode><arrivalAirportFsCode>LAX</arrivalAirportFsCode><departureDate><dateLocal>2015-04-29T12:10:00.000</dateLocal><dateUtc>2015-04-29T17:10:00.000Z</dateUtc></departureDate><arrivalDate><dateLocal>2015-04-29T14:52:00.000</dateLocal><dateUtc>2015-04-29T21:52:00.000Z</dateUtc></arrivalDate><status>S</status><schedule><flightType>J</flightType><serviceClasses>FY</serviceClasses><restrictions></restrictions></schedule><operationalTimes><publishedDeparture><dateLocal>2015-04-29T12:10:00.000</dateLocal><dateUtc>2015-04-29T17:10:00.000Z</dateUtc></publishedDeparture><publishedArrival><dateLocal>2015-04-29T14:52:00.000</dateLocal><dateUtc>2015-04-29T21:52:00.000Z</dateUtc></publishedArrival><scheduledGateDeparture><dateLocal>2015-04-29T12:10:00.000</dateLocal><dateUtc>2015-04-29T17:10:00.000Z</dateUtc></scheduledGateDeparture><estimatedGateDeparture><dateLocal>2015-04-29T12:10:00.000</dateLocal><dateUtc>2015-04-29T17:10:00.000Z</dateUtc></estimatedGateDeparture><flightPlanPlannedDeparture><dateLocal>2015-04-29T12:20:00.000</dateLocal><dateUtc>2015-04-29T17:20:00.000Z</dateUtc></flightPlanPlannedDeparture><scheduledGateArrival><dateLocal>2015-04-29T14:52:00.000</dateLocal><dateUtc>2015-04-29T21:52:00.000Z</dateUtc></scheduledGateArrival><estimatedGateArrival><dateLocal>2015-04-29T14:52:00.000</dateLocal><dateUtc>2015-04-29T21:52:00.000Z</dateUtc></estimatedGateArrival><flightPlanPlannedArrival><dateLocal>2015-04-29T13:54:00.000</dateLocal><dateUtc>2015-04-29T20:54:00.000Z</dateUtc></flightPlanPlannedArrival></operationalTimes><codeshares><codeshare><fsCode>AS</fsCode><flightNumber>1468</flightNumber><relationship>L</relationship></codeshare><codeshare><fsCode>BA</fsCode><flightNumber>4366</flightNumber><relationship>L</relationship></codeshare><codeshare><fsCode>EY</fsCode><flightNumber>3036</flightNumber><relationship>L</relationship></codeshare><codeshare><fsCode>GF</fsCode><flightNumber>4314</flightNumber><relationship>L</relationship></codeshare><codeshare><fsCode>MH</fsCode><flightNumber>9455</flightNumber><relationship>L</relationship></codeshare><codeshare><fsCode>QF</fsCode><flightNumber>3102</flightNumber><relationship>L</relationship></codeshare><codeshare><fsCode>US</fsCode><flightNumber>2220</flightNumber><relationship>L</relationship></codeshare></codeshares><flightDurations><scheduledBlockMinutes>282</scheduledBlockMinutes><scheduledAirMinutes>214</scheduledAirMinutes><scheduledTaxiOutMinutes>10</scheduledTaxiOutMinutes><scheduledTaxiInMinutes>58</scheduledTaxiInMinutes></flightDurations><airportResources><departureTerminal>3</departureTerminal><departureGate>K5</departureGate><arrivalTerminal>4</arrivalTerminal><arrivalGate>47A</arrivalGate><baggage>2</baggage></airportResources><flightEquipment><scheduledEquipmentIataCode>738</scheduledEquipmentIataCode><tailNumber>N964NN</tailNumber></flightEquipment></flightStatus><flightStatus><flightId>534419753</flightId><carrierFsCode>UA</carrierFsCode><flightNumber>1632</flightNumber><departureAirportFsCode>ORD</departureAirportFsCode><arrivalAirportFsCode>LAX</arrivalAirportFsCode><departureDate><dateLocal>2015-04-29T12:40:00.000</dateLocal><dateUtc>2015-04-29T17:40:00.000Z</dateUtc></departureDate><arrivalDate><dateLocal>2015-04-29T15:08:00.000</dateLocal><dateUtc>2015-04-29T22:08:00.000Z</dateUtc></arrivalDate><status>S</status><schedule><flightType>J</flightType><serviceClasses>FJY</serviceClasses><restrictions></restrictions><uplines><upline><fsCode>DCA</fsCode><flightId>534378093</flightId></upline></uplines><downlines><downline><fsCode>IAH</fsCode><flightId>534403872</flightId></downline></downlines></schedule><operationalTimes><publishedDeparture><dateLocal>2015-04-29T12:40:00.000</dateLocal><dateUtc>2015-04-29T17:40:00.000Z</dateUtc></publishedDeparture><publishedArrival><dateLocal>2015-04-29T15:08:00.000</dateLocal><dateUtc>2015-04-29T22:08:00.000Z</dateUtc></publishedArrival><scheduledGateDeparture><dateLocal>2015-04-29T12:40:00.000</dateLocal><dateUtc>2015-04-29T17:40:00.000Z</dateUtc></scheduledGateDeparture><estimatedGateDeparture><dateLocal>2015-04-29T12:40:00.000</dateLocal><dateUtc>2015-04-29T17:40:00.000Z</dateUtc></estimatedGateDeparture><flightPlanPlannedDeparture><dateLocal>2015-04-29T12:48:00.000</dateLocal><dateUtc>2015-04-29T17:48:00.000Z</dateUtc></flightPlanPlannedDeparture><estimatedRunwayDeparture><dateLocal>2015-04-29T12:48:00.000</dateLocal><dateUtc>2015-04-29T17:48:00.000Z</dateUtc></estimatedRunwayDeparture><scheduledGateArrival><dateLocal>2015-04-29T15:08:00.000</dateLocal><dateUtc>2015-04-29T22:08:00.000Z</dateUtc></scheduledGateArrival><estimatedGateArrival><dateLocal>2015-04-29T15:08:00.000</dateLocal><dateUtc>2015-04-29T22:08:00.000Z</dateUtc></estimatedGateArrival><flightPlanPlannedArrival><dateLocal>2015-04-29T14:19:00.000</dateLocal><dateUtc>2015-04-29T21:19:00.000Z</dateUtc></flightPlanPlannedArrival><estimatedRunwayArrival><dateLocal>2015-04-29T14:19:00.000</dateLocal><dateUtc>2015-04-29T21:19:00.000Z</dateUtc></estimatedRunwayArrival></operationalTimes><codeshares><codeshare><fsCode>AC</fsCode><flightNumber>5072</flightNumber><relationship>L</relationship></codeshare><codeshare><fsCode>BR</fsCode><flightNumber>3019</flightNumber><relationship>L</relationship></codeshare><codeshare><fsCode>NZ</fsCode><flightNumber>9263</flightNumber><relationship>L</relationship></codeshare><codeshare><fsCode>OZ</fsCode><flightNumber>6275</flightNumber><relationship>L</relationship></codeshare></codeshares><flightDurations><scheduledBlockMinutes>268</scheduledBlockMinutes><scheduledAirMinutes>211</scheduledAirMinutes><scheduledTaxiOutMinutes>8</scheduledTaxiOutMinutes><scheduledTaxiInMinutes>49</scheduledTaxiInMinutes></flightDurations><airportResources><departureTerminal>1</departureTerminal><departureGate>C9</departureGate><arrivalTerminal>8</arrivalTerminal><arrivalGate>86</arrivalGate><baggage>3</baggage></airportResources><flightEquipment><scheduledEquipmentIataCode>738</scheduledEquipmentIataCode><tailNumber>N26210</tailNumber></flightEquipment></flightStatus><flightStatus><flightId>534419755</flightId><carrierFsCode>UA</carrierFsCode><flightNumber>1250</flightNumber><departureAirportFsCode>ORD</departureAirportFsCode><arrivalAirportFsCode>LAX</arrivalAirportFsCode><departureDate><dateLocal>2015-04-29T13:26:00.000</dateLocal><dateUtc>2015-04-29T18:26:00.000Z</dateUtc></departureDate><arrivalDate><dateLocal>2015-04-29T15:55:00.000</dateLocal><dateUtc>2015-04-29T22:55:00.000Z</dateUtc></arrivalDate><status>S</status><schedule><flightType>J</flightType><serviceClasses>FJY</serviceClasses><restrictions></restrictions><downlines><downline><fsCode>DEN</fsCode><flightId>534403734</flightId></downline></downlines></schedule><operationalTimes><publishedDeparture><dateLocal>2015-04-29T13:26:00.000</dateLocal><dateUtc>2015-04-29T18:26:00.000Z</dateUtc></publishedDeparture><publishedArrival><dateLocal>2015-04-29T15:55:00.000</dateLocal><dateUtc>2015-04-29T22:55:00.000Z</dateUtc></publishedArrival><scheduledGateDeparture><dateLocal>2015-04-29T13:26:00.000</dateLocal><dateUtc>2015-04-29T18:26:00.000Z</dateUtc></scheduledGateDeparture><estimatedGateDeparture><dateLocal>2015-04-29T13:26:00.000</dateLocal><dateUtc>2015-04-29T18:26:00.000Z</dateUtc></estimatedGateDeparture><flightPlanPlannedDeparture><dateLocal>2015-04-29T13:28:00.000</dateLocal><dateUtc>2015-04-29T18:28:00.000Z</dateUtc></flightPlanPlannedDeparture><estimatedRunwayDeparture><dateLocal>2015-04-29T13:28:00.000</dateLocal><dateUtc>2015-04-29T18:28:00.000Z</dateUtc></estimatedRunwayDeparture><scheduledGateArrival><dateLocal>2015-04-29T15:55:00.000</dateLocal><dateUtc>2015-04-29T22:55:00.000Z</dateUtc></scheduledGateArrival><estimatedGateArrival><dateLocal>2015-04-29T15:55:00.000</dateLocal><dateUtc>2015-04-29T22:55:00.000Z</dateUtc></estimatedGateArrival><flightPlanPlannedArrival><dateLocal>2015-04-29T14:59:00.000</dateLocal><dateUtc>2015-04-29T21:59:00.000Z</dateUtc></flightPlanPlannedArrival><estimatedRunwayArrival><dateLocal>2015-04-29T14:59:00.000</dateLocal><dateUtc>2015-04-29T21:59:00.000Z</dateUtc></estimatedRunwayArrival></operationalTimes><codeshares><codeshare><fsCode>AC</fsCode><flightNumber>5569</flightNumber><relationship>L</relationship></codeshare><codeshare><fsCode>NZ</fsCode><flightNumber>9254</flightNumber><relationship>L</relationship></codeshare></codeshares><flightDurations><scheduledBlockMinutes>269</scheduledBlockMinutes><scheduledAirMinutes>211</scheduledAirMinutes><scheduledTaxiOutMinutes>2</scheduledTaxiOutMinutes><scheduledTaxiInMinutes>56</scheduledTaxiInMinutes></flightDurations><airportResources><departureTerminal>1</departureTerminal><departureGate>C22</departureGate><arrivalTerminal>7</arrivalTerminal><arrivalGate>70B</arrivalGate><baggage>3</baggage></airportResources><flightEquipment><scheduledEquipmentIataCode>738</scheduledEquipmentIataCode><tailNumber>N78506</tailNumber></flightEquipment></flightStatus><flightStatus><flightId>534419758</flightId><carrierFsCode>AA</carrierFsCode><flightNumber>2223</flightNumber><departureAirportFsCode>ORD</departureAirportFsCode><arrivalAirportFsCode>LAX</arrivalAirportFsCode><departureDate><dateLocal>2015-04-29T14:00:00.000</dateLocal><dateUtc>2015-04-29T19:00:00.000Z</dateUtc></departureDate><arrivalDate><dateLocal>2015-04-29T16:35:00.000</dateLocal><dateUtc>2015-04-29T23:35:00.000Z</dateUtc></arrivalDate><status>S</status><schedule><flightType>J</flightType><serviceClasses>FY</serviceClasses><restrictions></restrictions><downlines><downline><fsCode>ORD</fsCode><flightId>534404117</flightId></downline></downlines></schedule><operationalTimes><publishedDeparture><dateLocal>2015-04-29T14:00:00.000</dateLocal><dateUtc>2015-04-29T19:00:00.000Z</dateUtc></publishedDeparture><publishedArrival><dateLocal>2015-04-29T16:35:00.000</dateLocal><dateUtc>2015-04-29T23:35:00.000Z</dateUtc></publishedArrival><scheduledGateDeparture><dateLocal>2015-04-29T14:00:00.000</dateLocal><dateUtc>2015-04-29T19:00:00.000Z</dateUtc></scheduledGateDeparture><estimatedGateDeparture><dateLocal>2015-04-29T14:00:00.000</dateLocal><dateUtc>2015-04-29T19:00:00.000Z</dateUtc></estimatedGateDeparture><flightPlanPlannedDeparture><dateLocal>2015-04-29T14:05:00.000</dateLocal><dateUtc>2015-04-29T19:05:00.000Z</dateUtc></flightPlanPlannedDeparture><scheduledGateArrival><dateLocal>2015-04-29T16:35:00.000</dateLocal><dateUtc>2015-04-29T23:35:00.000Z</dateUtc></scheduledGateArrival><estimatedGateArrival><dateLocal>2015-04-29T16:35:00.000</dateLocal><dateUtc>2015-04-29T23:35:00.000Z</dateUtc></estimatedGateArrival><flightPlanPlannedArrival><dateLocal>2015-04-29T15:39:00.000</dateLocal><dateUtc>2015-04-29T22:39:00.000Z</dateUtc></flightPlanPlannedArrival></operationalTimes><codeshares><codeshare><fsCode>AB</fsCode><flightNumber>4626</flightNumber><relationship>L</relationship></codeshare><codeshare><fsCode>AS</fsCode><flightNumber>1098</flightNumber><relationship>L</relationship></codeshare><codeshare><fsCode>BA</fsCode><flightNumber>4370</flightNumber><relationship>L</relationship></codeshare><codeshare><fsCode>EY</fsCode><flightNumber>3129</flightNumber><relationship>L</relationship></codeshare><codeshare><fsCode>GF</fsCode><flightNumber>4142</flightNumber><relationship>L</relationship></codeshare><codeshare><fsCode>MH</fsCode><flightNumber>9461</flightNumber><relationship>L</relationship></codeshare><codeshare><fsCode>QF</fsCode><flightNumber>3012</flightNumber><relationship>L</relationship></codeshare><codeshare><fsCode>US</fsCode><flightNumber>2223</flightNumber><relationship>L</relationship></codeshare></codeshares><flightDurations><scheduledBlockMinutes>275</scheduledBlockMinutes><scheduledAirMinutes>214</scheduledAirMinutes><scheduledTaxiOutMinutes>5</scheduledTaxiOutMinutes><scheduledTaxiInMinutes>56</scheduledTaxiInMinutes></flightDurations><airportResources><departureTerminal>3</departureTerminal><departureGate>H16</departureGate><arrivalTerminal>4</arrivalTerminal><arrivalGate>46A</arrivalGate><baggage>2</baggage></airportResources><flightEquipment><scheduledEquipmentIataCode>738</scheduledEquipmentIataCode><tailNumber>N968NN</tailNumber></flightEquipment></flightStatus><flightStatus><flightId>534419757</flightId><carrierFsCode>UA</carrierFsCode><flightNumber>1266</flightNumber><departureAirportFsCode>ORD</departureAirportFsCode><arrivalAirportFsCode>LAX</arrivalAirportFsCode><departureDate><dateLocal>2015-04-29T15:36:00.000</dateLocal><dateUtc>2015-04-29T20:36:00.000Z</dateUtc></departureDate><arrivalDate><dateLocal>2015-04-29T18:11:00.000</dateLocal><dateUtc>2015-04-30T01:11:00.000Z</dateUtc></arrivalDate><status>S</status><schedule><flightType>J</flightType><serviceClasses>FJY</serviceClasses><restrictions></restrictions><downlines><downline><fsCode>SFO</fsCode><flightId>534404293</flightId></downline><downline><fsCode>EWR</fsCode><flightId>534430836</flightId></downline></downlines></schedule><operationalTimes><publishedDeparture><dateLocal>2015-04-29T15:36:00.000</dateLocal><dateUtc>2015-04-29T20:36:00.000Z</dateUtc></publishedDeparture><publishedArrival><dateLocal>2015-04-29T18:11:00.000</dateLocal><dateUtc>2015-04-30T01:11:00.000Z</dateUtc></publishedArrival><scheduledGateDeparture><dateLocal>2015-04-29T15:36:00.000</dateLocal><dateUtc>2015-04-29T20:36:00.000Z</dateUtc></scheduledGateDeparture><estimatedGateDeparture><dateLocal>2015-04-29T15:36:00.000</dateLocal><dateUtc>2015-04-29T20:36:00.000Z</dateUtc></estimatedGateDeparture><flightPlanPlannedDeparture><dateLocal>2015-04-29T15:44:00.000</dateLocal><dateUtc>2015-04-29T20:44:00.000Z</dateUtc></flightPlanPlannedDeparture><estimatedRunwayDeparture><dateLocal>2015-04-29T15:44:00.000</dateLocal><dateUtc>2015-04-29T20:44:00.000Z</dateUtc></estimatedRunwayDeparture><scheduledGateArrival><dateLocal>2015-04-29T18:11:00.000</dateLocal><dateUtc>2015-04-30T01:11:00.000Z</dateUtc></scheduledGateArrival><estimatedGateArrival><dateLocal>2015-04-29T18:11:00.000</dateLocal><dateUtc>2015-04-30T01:11:00.000Z</dateUtc></estimatedGateArrival><flightPlanPlannedArrival><dateLocal>2015-04-29T17:12:00.000</dateLocal><dateUtc>2015-04-30T00:12:00.000Z</dateUtc></flightPlanPlannedArrival><estimatedRunwayArrival><dateLocal>2015-04-29T17:12:00.000</dateLocal><dateUtc>2015-04-30T00:12:00.000Z</dateUtc></estimatedRunwayArrival></operationalTimes><codeshares><codeshare><fsCode>AC</fsCode><flightNumber>5007</flightNumber><relationship>L</relationship></codeshare><codeshare><fsCode>EI</fsCode><flightNumber>6167</flightNumber><relationship>L</relationship></codeshare><codeshare><fsCode>LH</fsCode><flightNumber>9164</flightNumber><relationship>L</relationship></codeshare><codeshare><fsCode>NZ</fsCode><flightNumber>9213</flightNumber><relationship>L</relationship></codeshare><codeshare><fsCode>OS</fsCode><flightNumber>7705</flightNumber><relationship>L</relationship></codeshare><codeshare><fsCode>SK</fsCode><flightNumber>3919</flightNumber><relationship>L</relationship></codeshare><codeshare><fsCode>SN</fsCode><flightNumber>8815</flightNumber><relationship>L</relationship></codeshare></codeshares><flightDurations><scheduledBlockMinutes>275</scheduledBlockMinutes><scheduledAirMinutes>208</scheduledAirMinutes><scheduledTaxiOutMinutes>8</scheduledTaxiOutMinutes><scheduledTaxiInMinutes>59</scheduledTaxiInMinutes></flightDurations><airportResources><departureTerminal>1</departureTerminal><departureGate>B9</departureGate><arrivalTerminal>7</arrivalTerminal><arrivalGate>74</arrivalGate><baggage>3</baggage></airportResources><flightEquipment><scheduledEquipmentIataCode>739</scheduledEquipmentIataCode><tailNumber>N39416</tailNumber></flightEquipment></flightStatus><flightStatus><flightId>534419767</flightId><carrierFsCode>AA</carrierFsCode><flightNumber>2341</flightNumber><departureAirportFsCode>ORD</departureAirportFsCode><arrivalAirportFsCode>LAX</arrivalAirportFsCode><departureDate><dateLocal>2015-04-29T16:55:00.000</dateLocal><dateUtc>2015-04-29T21:55:00.000Z</dateUtc></departureDate><arrivalDate><dateLocal>2015-04-29T19:37:00.000</dateLocal><dateUtc>2015-04-30T02:37:00.000Z</dateUtc></arrivalDate><status>S</status><schedule><flightType>J</flightType><serviceClasses>FY</serviceClasses><restrictions></restrictions></schedule><operationalTimes><publishedDeparture><dateLocal>2015-04-29T16:55:00.000</dateLocal><dateUtc>2015-04-29T21:55:00.000Z</dateUtc></publishedDeparture><publishedArrival><dateLocal>2015-04-29T19:37:00.000</dateLocal><dateUtc>2015-04-30T02:37:00.000Z</dateUtc></publishedArrival><scheduledGateDeparture><dateLocal>2015-04-29T16:55:00.000</dateLocal><dateUtc>2015-04-29T21:55:00.000Z</dateUtc></scheduledGateDeparture><estimatedGateDeparture><dateLocal>2015-04-29T16:55:00.000</dateLocal><dateUtc>2015-04-29T21:55:00.000Z</dateUtc></estimatedGateDeparture><flightPlanPlannedDeparture><dateLocal>2015-04-29T17:05:00.000</dateLocal><dateUtc>2015-04-29T22:05:00.000Z</dateUtc></flightPlanPlannedDeparture><scheduledGateArrival><dateLocal>2015-04-29T19:37:00.000</dateLocal><dateUtc>2015-04-30T02:37:00.000Z</dateUtc></scheduledGateArrival><estimatedGateArrival><dateLocal>2015-04-29T19:37:00.000</dateLocal><dateUtc>2015-04-30T02:37:00.000Z</dateUtc></estimatedGateArrival><flightPlanPlannedArrival><dateLocal>2015-04-29T18:39:00.000</dateLocal><dateUtc>2015-04-30T01:39:00.000Z</dateUtc></flightPlanPlannedArrival></operationalTimes><codeshares><codeshare><fsCode>AS</fsCode><flightNumber>1238</flightNumber><relationship>L</relationship></codeshare><codeshare><fsCode>BA</fsCode><flightNumber>5199</flightNumber><relationship>L</relationship></codeshare><codeshare><fsCode>GF</fsCode><flightNumber>4307</flightNumber><relationship>L</relationship></codeshare><codeshare><fsCode>IB</fsCode><flightNumber>4476</flightNumber><relationship>L</relationship></codeshare><codeshare><fsCode>MH</fsCode><flightNumber>9583</flightNumber><relationship>L</relationship></codeshare><codeshare><fsCode>QF</fsCode><flightNumber>3162</flightNumber><relationship>L</relationship></codeshare><codeshare><fsCode>QR</fsCode><flightNumber>5106</flightNumber><relationship>L</relationship></codeshare><codeshare><fsCode>TN</fsCode><flightNumber>1143</flightNumber><relationship>L</relationship></codeshare><codeshare><fsCode>US</fsCode><flightNumber>2341</flightNumber><relationship>L</relationship></codeshare></codeshares><flightDurations><scheduledBlockMinutes>282</scheduledBlockMinutes><scheduledAirMinutes>214</scheduledAirMinutes><scheduledTaxiOutMinutes>10</scheduledTaxiOutMinutes><scheduledTaxiInMinutes>58</scheduledTaxiInMinutes></flightDurations><airportResources><departureTerminal>3</departureTerminal><departureGate>H11A</departureGate><arrivalTerminal>4</arrivalTerminal><arrivalGate>45</arrivalGate></airportResources><flightEquipment><scheduledEquipmentIataCode>738</scheduledEquipmentIataCode><tailNumber>N965NN</tailNumber></flightEquipment></flightStatus><flightStatus><flightId>534419754</flightId><carrierFsCode>UA</carrierFsCode><flightNumber>1255</flightNumber><departureAirportFsCode>ORD</departureAirportFsCode><arrivalAirportFsCode>LAX</arrivalAirportFsCode><departureDate><dateLocal>2015-04-29T17:03:00.000</dateLocal><dateUtc>2015-04-29T22:03:00.000Z</dateUtc></departureDate><arrivalDate><dateLocal>2015-04-29T19:31:00.000</dateLocal><dateUtc>2015-04-30T02:31:00.000Z</dateUtc></arrivalDate><status>S</status><schedule><flightType>J</flightType><serviceClasses>FJY</serviceClasses><restrictions></restrictions><downlines><downline><fsCode>MCO</fsCode><flightId>534403995</flightId></downline></downlines></schedule><operationalTimes><publishedDeparture><dateLocal>2015-04-29T17:03:00.000</dateLocal><dateUtc>2015-04-29T22:03:00.000Z</dateUtc></publishedDeparture><publishedArrival><dateLocal>2015-04-29T19:31:00.000</dateLocal><dateUtc>2015-04-30T02:31:00.000Z</dateUtc></publishedArrival><scheduledGateDeparture><dateLocal>2015-04-29T17:03:00.000</dateLocal><dateUtc>2015-04-29T22:03:00.000Z</dateUtc></scheduledGateDeparture><estimatedGateDeparture><dateLocal>2015-04-29T17:03:00.000</dateLocal><dateUtc>2015-04-29T22:03:00.000Z</dateUtc></estimatedGateDeparture><flightPlanPlannedDeparture><dateLocal>2015-04-29T17:10:00.000</dateLocal><dateUtc>2015-04-29T22:10:00.000Z</dateUtc></flightPlanPlannedDeparture><estimatedRunwayDeparture><dateLocal>2015-04-29T17:10:00.000</dateLocal><dateUtc>2015-04-29T22:10:00.000Z</dateUtc></estimatedRunwayDeparture><scheduledGateArrival><dateLocal>2015-04-29T19:31:00.000</dateLocal><dateUtc>2015-04-30T02:31:00.000Z</dateUtc></scheduledGateArrival><estimatedGateArrival><dateLocal>2015-04-29T19:31:00.000</dateLocal><dateUtc>2015-04-30T02:31:00.000Z</dateUtc></estimatedGateArrival><flightPlanPlannedArrival><dateLocal>2015-04-29T18:40:00.000</dateLocal><dateUtc>2015-04-30T01:40:00.000Z</dateUtc></flightPlanPlannedArrival><estimatedRunwayArrival><dateLocal>2015-04-29T18:40:00.000</dateLocal><dateUtc>2015-04-30T01:40:00.000Z</dateUtc></estimatedRunwayArrival></operationalTimes><codeshares><codeshare><fsCode>AC</fsCode><flightNumber>5361</flightNumber><relationship>L</relationship></codeshare><codeshare><fsCode>NZ</fsCode><flightNumber>9278</flightNumber><relationship>L</relationship></codeshare></codeshares><flightDurations><scheduledBlockMinutes>268</scheduledBlockMinutes><scheduledAirMinutes>210</scheduledAirMinutes><scheduledTaxiOutMinutes>7</scheduledTaxiOutMinutes><scheduledTaxiInMinutes>51</scheduledTaxiInMinutes></flightDurations><airportResources><departureTerminal>1</departureTerminal><departureGate>C28</departureGate><arrivalTerminal>8</arrivalTerminal><arrivalGate>86</arrivalGate><baggage>3</baggage></airportResources><flightEquipment><scheduledEquipmentIataCode>738</scheduledEquipmentIataCode><tailNumber>N35271</tailNumber></flightEquipment></flightStatus><flightStatus><flightId>534419748</flightId><carrierFsCode>NK</carrierFsCode><flightNumber>731</flightNumber><departureAirportFsCode>ORD</departureAirportFsCode><arrivalAirportFsCode>LAX</arrivalAirportFsCode><departureDate><dateLocal>2015-04-29T17:11:00.000</dateLocal><dateUtc>2015-04-29T22:11:00.000Z</dateUtc></departureDate><arrivalDate><dateLocal>2015-04-29T19:41:00.000</dateLocal><dateUtc>2015-04-30T02:41:00.000Z</dateUtc></arrivalDate><status>S</status><schedule><flightType>J</flightType><serviceClasses>RY</serviceClasses><restrictions></restrictions></schedule><operationalTimes><publishedDeparture><dateLocal>2015-04-29T17:11:00.000</dateLocal><dateUtc>2015-04-29T22:11:00.000Z</dateUtc></publishedDeparture><publishedArrival><dateLocal>2015-04-29T19:41:00.000</dateLocal><dateUtc>2015-04-30T02:41:00.000Z</dateUtc></publishedArrival><scheduledGateDeparture><dateLocal>2015-04-29T17:11:00.000</dateLocal><dateUtc>2015-04-29T22:11:00.000Z</dateUtc></scheduledGateDeparture><estimatedGateDeparture><dateLocal>2015-04-29T17:11:00.000</dateLocal><dateUtc>2015-04-29T22:11:00.000Z</dateUtc></estimatedGateDeparture><flightPlanPlannedDeparture><dateLocal>2015-04-29T17:27:00.000</dateLocal><dateUtc>2015-04-29T22:27:00.000Z</dateUtc></flightPlanPlannedDeparture><estimatedRunwayDeparture><dateLocal>2015-04-29T17:27:00.000</dateLocal><dateUtc>2015-04-29T22:27:00.000Z</dateUtc></estimatedRunwayDeparture><scheduledGateArrival><dateLocal>2015-04-29T19:41:00.000</dateLocal><dateUtc>2015-04-30T02:41:00.000Z</dateUtc></scheduledGateArrival><estimatedGateArrival><dateLocal>2015-04-29T19:41:00.000</dateLocal><dateUtc>2015-04-30T02:41:00.000Z</dateUtc></estimatedGateArrival><flightPlanPlannedArrival><dateLocal>2015-04-29T18:56:00.000</dateLocal><dateUtc>2015-04-30T01:56:00.000Z</dateUtc></flightPlanPlannedArrival><estimatedRunwayArrival><dateLocal>2015-04-29T18:56:00.000</dateLocal><dateUtc>2015-04-30T01:56:00.000Z</dateUtc></estimatedRunwayArrival></operationalTimes><flightDurations><scheduledBlockMinutes>270</scheduledBlockMinutes><scheduledAirMinutes>209</scheduledAirMinutes><scheduledTaxiOutMinutes>16</scheduledTaxiOutMinutes><scheduledTaxiInMinutes>45</scheduledTaxiInMinutes></flightDurations><airportResources><departureTerminal>3</departureTerminal><departureGate>L7</departureGate><arrivalTerminal>3</arrivalTerminal><arrivalGate>32</arrivalGate></airportResources><flightEquipment><scheduledEquipmentIataCode>320</scheduledEquipmentIataCode></flightEquipment></flightStatus><flightStatus><flightId>534419771</flightId><carrierFsCode>VX</carrierFsCode><flightNumber>241</flightNumber><departureAirportFsCode>ORD</departureAirportFsCode><arrivalAirportFsCode>LAX</arrivalAirportFsCode><departureDate><dateLocal>2015-04-29T17:25:00.000</dateLocal><dateUtc>2015-04-29T22:25:00.000Z</dateUtc></departureDate><arrivalDate><dateLocal>2015-04-29T20:00:00.000</dateLocal><dateUtc>2015-04-30T03:00:00.000Z</dateUtc></arrivalDate><status>S</status><schedule><flightType>J</flightType><serviceClasses>FJY</serviceClasses><restrictions></restrictions></schedule><operationalTimes><publishedDeparture><dateLocal>2015-04-29T17:25:00.000</dateLocal><dateUtc>2015-04-29T22:25:00.000Z</dateUtc></publishedDeparture><publishedArrival><dateLocal>2015-04-29T20:00:00.000</dateLocal><dateUtc>2015-04-30T03:00:00.000Z</dateUtc></publishedArrival><scheduledGateDeparture><dateLocal>2015-04-29T17:25:00.000</dateLocal><dateUtc>2015-04-29T22:25:00.000Z</dateUtc></scheduledGateDeparture><flightPlanPlannedDeparture><dateLocal>2015-04-29T17:38:00.000</dateLocal><dateUtc>2015-04-29T22:38:00.000Z</dateUtc></flightPlanPlannedDeparture><estimatedRunwayDeparture><dateLocal>2015-04-29T17:38:00.000</dateLocal><dateUtc>2015-04-29T22:38:00.000Z</dateUtc></estimatedRunwayDeparture><scheduledGateArrival><dateLocal>2015-04-29T20:00:00.000</dateLocal><dateUtc>2015-04-30T03:00:00.000Z</dateUtc></scheduledGateArrival><flightPlanPlannedArrival><dateLocal>2015-04-29T19:05:00.000</dateLocal><dateUtc>2015-04-30T02:05:00.000Z</dateUtc></flightPlanPlannedArrival><estimatedRunwayArrival><dateLocal>2015-04-29T19:05:00.000</dateLocal><dateUtc>2015-04-30T02:05:00.000Z</dateUtc></estimatedRunwayArrival></operationalTimes><codeshares><codeshare><fsCode>CI</fsCode><flightNumber>9607</flightNumber><relationship>L</relationship></codeshare><codeshare><fsCode>MU</fsCode><flightNumber>3899</flightNumber><relationship>L</relationship></codeshare><codeshare><fsCode>VA</fsCode><flightNumber>5217</flightNumber><relationship>L</relationship></codeshare></codeshares><flightDurations><scheduledBlockMinutes>275</scheduledBlockMinutes><scheduledAirMinutes>207</scheduledAirMinutes><scheduledTaxiOutMinutes>13</scheduledTaxiOutMinutes><scheduledTaxiInMinutes>55</scheduledTaxiInMinutes></flightDurations><airportResources><departureTerminal>3</departureTerminal><arrivalTerminal>3</arrivalTerminal></airportResources><flightEquipment><scheduledEquipmentIataCode>320</scheduledEquipmentIataCode></flightEquipment></flightStatus><flightStatus><flightId>534419762</flightId><carrierFsCode>AA</carrierFsCode><flightNumber>1014</flightNumber><departureAirportFsCode>ORD</departureAirportFsCode><arrivalAirportFsCode>LAX</arrivalAirportFsCode><departureDate><dateLocal>2015-04-29T18:20:00.000</dateLocal><dateUtc>2015-04-29T23:20:00.000Z</dateUtc></departureDate><arrivalDate><dateLocal>2015-04-29T20:59:00.000</dateLocal><dateUtc>2015-04-30T03:59:00.000Z</dateUtc></arrivalDate><status>S</status><schedule><flightType>J</flightType><serviceClasses>FY</serviceClasses><restrictions></restrictions></schedule><operationalTimes><publishedDeparture><dateLocal>2015-04-29T18:20:00.000</dateLocal><dateUtc>2015-04-29T23:20:00.000Z</dateUtc></publishedDeparture><publishedArrival><dateLocal>2015-04-29T20:59:00.000</dateLocal><dateUtc>2015-04-30T03:59:00.000Z</dateUtc></publishedArrival><scheduledGateDeparture><dateLocal>2015-04-29T18:20:00.000</dateLocal><dateUtc>2015-04-29T23:20:00.000Z</dateUtc></scheduledGateDeparture><estimatedGateDeparture><dateLocal>2015-04-29T18:20:00.000</dateLocal><dateUtc>2015-04-29T23:20:00.000Z</dateUtc></estimatedGateDeparture><flightPlanPlannedDeparture><dateLocal>2015-04-29T18:30:00.000</dateLocal><dateUtc>2015-04-29T23:30:00.000Z</dateUtc></flightPlanPlannedDeparture><scheduledGateArrival><dateLocal>2015-04-29T20:59:00.000</dateLocal><dateUtc>2015-04-30T03:59:00.000Z</dateUtc></scheduledGateArrival><estimatedGateArrival><dateLocal>2015-04-29T20:59:00.000</dateLocal><dateUtc>2015-04-30T03:59:00.000Z</dateUtc></estimatedGateArrival><flightPlanPlannedArrival><dateLocal>2015-04-29T20:02:00.000</dateLocal><dateUtc>2015-04-30T03:02:00.000Z</dateUtc></flightPlanPlannedArrival></operationalTimes><codeshares><codeshare><fsCode>AS</fsCode><flightNumber>1261</flightNumber><relationship>L</relationship></codeshare><codeshare><fsCode>IB</fsCode><flightNumber>7076</flightNumber><relationship>L</relationship></codeshare><codeshare><fsCode>MH</fsCode><flightNumber>9663</flightNumber><relationship>L</relationship></codeshare><codeshare><fsCode>QF</fsCode><flightNumber>3008</flightNumber><relationship>L</relationship></codeshare><codeshare><fsCode>RJ</fsCode><flightNumber>7127</flightNumber><relationship>L</relationship></codeshare><codeshare><fsCode>TN</fsCode><flightNumber>1141</flightNumber><relationship>L</relationship></codeshare><codeshare><fsCode>US</fsCode><flightNumber>1014</flightNumber><relationship>L</relationship></codeshare></codeshares><flightDurations><scheduledBlockMinutes>279</scheduledBlockMinutes><scheduledAirMinutes>212</scheduledAirMinutes><scheduledTaxiOutMinutes>10</scheduledTaxiOutMinutes><scheduledTaxiInMinutes>57</scheduledTaxiInMinutes></flightDurations><airportResources><departureTerminal>3</departureTerminal><departureGate>H16</departureGate><arrivalTerminal>4</arrivalTerminal><arrivalGate>43</arrivalGate><baggage>2</baggage></airportResources><flightEquipment><scheduledEquipmentIataCode>738</scheduledEquipmentIataCode><tailNumber>N941NN</tailNumber></flightEquipment></flightStatus><flightStatus><flightId>534419769</flightId><carrierFsCode>UA</carrierFsCode><flightNumber>623</flightNumber><departureAirportFsCode>ORD</departureAirportFsCode><arrivalAirportFsCode>LAX</arrivalAirportFsCode><departureDate><dateLocal>2015-04-29T18:30:00.000</dateLocal><dateUtc>2015-04-29T23:30:00.000Z</dateUtc></departureDate><arrivalDate><dateLocal>2015-04-29T20:59:00.000</dateLocal><dateUtc>2015-04-30T03:59:00.000Z</dateUtc></arrivalDate><status>S</status><schedule><flightType>J</flightType><serviceClasses>FJY</serviceClasses><restrictions></restrictions></schedule><operationalTimes><publishedDeparture><dateLocal>2015-04-29T18:30:00.000</dateLocal><dateUtc>2015-04-29T23:30:00.000Z</dateUtc></publishedDeparture><publishedArrival><dateLocal>2015-04-29T20:59:00.000</dateLocal><dateUtc>2015-04-30T03:59:00.000Z</dateUtc></publishedArrival><scheduledGateDeparture><dateLocal>2015-04-29T18:30:00.000</dateLocal><dateUtc>2015-04-29T23:30:00.000Z</dateUtc></scheduledGateDeparture><estimatedGateDeparture><dateLocal>2015-04-29T18:30:00.000</dateLocal><dateUtc>2015-04-29T23:30:00.000Z</dateUtc></estimatedGateDeparture><flightPlanPlannedDeparture><dateLocal>2015-04-29T18:35:00.000</dateLocal><dateUtc>2015-04-29T23:35:00.000Z</dateUtc></flightPlanPlannedDeparture><estimatedRunwayDeparture><dateLocal>2015-04-29T18:35:00.000</dateLocal><dateUtc>2015-04-29T23:35:00.000Z</dateUtc></estimatedRunwayDeparture><scheduledGateArrival><dateLocal>2015-04-29T20:59:00.000</dateLocal><dateUtc>2015-04-30T03:59:00.000Z</dateUtc></scheduledGateArrival><estimatedGateArrival><dateLocal>2015-04-29T20:59:00.000</dateLocal><dateUtc>2015-04-30T03:59:00.000Z</dateUtc></estimatedGateArrival><flightPlanPlannedArrival><dateLocal>2015-04-29T20:05:00.000</dateLocal><dateUtc>2015-04-30T03:05:00.000Z</dateUtc></flightPlanPlannedArrival><estimatedRunwayArrival><dateLocal>2015-04-29T20:05:00.000</dateLocal><dateUtc>2015-04-30T03:05:00.000Z</dateUtc></estimatedRunwayArrival></operationalTimes><codeshares><codeshare><fsCode>AC</fsCode><flightNumber>5055</flightNumber><relationship>L</relationship></codeshare><codeshare><fsCode>CA</fsCode><flightNumber>7288</flightNumber><relationship>L</relationship></codeshare><codeshare><fsCode>EI</fsCode><flightNumber>6165</flightNumber><relationship>L</relationship></codeshare><codeshare><fsCode>NZ</fsCode><flightNumber>9231</flightNumber><relationship>L</relationship></codeshare><codeshare><fsCode>SK</fsCode><flightNumber>8741</flightNumber><relationship>L</relationship></codeshare></codeshares><flightDurations><scheduledBlockMinutes>269</scheduledBlockMinutes><scheduledAirMinutes>210</scheduledAirMinutes><scheduledTaxiOutMinutes>5</scheduledTaxiOutMinutes><scheduledTaxiInMinutes>54</scheduledTaxiInMinutes></flightDurations><airportResources><departureTerminal>1</departureTerminal><departureGate>B17</departureGate><arrivalTerminal>7</arrivalTerminal><arrivalGate>70A</arrivalGate><baggage>3</baggage></airportResources><flightEquipment><scheduledEquipmentIataCode>752</scheduledEquipmentIataCode><tailNumber>N526UA</tailNumber></flightEquipment></flightStatus><flightStatus><flightId>534419765</flightId><carrierFsCode>UA</carrierFsCode><flightNumber>12</flightNumber><departureAirportFsCode>ORD</departureAirportFsCode><arrivalAirportFsCode>LAX</arrivalAirportFsCode><departureDate><dateLocal>2015-04-29T19:29:00.000</dateLocal><dateUtc>2015-04-30T00:29:00.000Z</dateUtc></departureDate><arrivalDate><dateLocal>2015-04-29T22:08:00.000</dateLocal><dateUtc>2015-04-30T05:08:00.000Z</dateUtc></arrivalDate><status>S</status><schedule><flightType>J</flightType><serviceClasses>FJY</serviceClasses><restrictions></restrictions><uplines><upline><fsCode>BUF</fsCode><flightId>534368303</flightId></upline></uplines></schedule><operationalTimes><publishedDeparture><dateLocal>2015-04-29T19:29:00.000</dateLocal><dateUtc>2015-04-30T00:29:00.000Z</dateUtc></publishedDeparture><publishedArrival><dateLocal>2015-04-29T22:08:00.000</dateLocal><dateUtc>2015-04-30T05:08:00.000Z</dateUtc></publishedArrival><scheduledGateDeparture><dateLocal>2015-04-29T19:29:00.000</dateLocal><dateUtc>2015-04-30T00:29:00.000Z</dateUtc></scheduledGateDeparture><estimatedGateDeparture><dateLocal>2015-04-29T19:29:00.000</dateLocal><dateUtc>2015-04-30T00:29:00.000Z</dateUtc></estimatedGateDeparture><flightPlanPlannedDeparture><dateLocal>2015-04-29T19:36:00.000</dateLocal><dateUtc>2015-04-30T00:36:00.000Z</dateUtc></flightPlanPlannedDeparture><estimatedRunwayDeparture><dateLocal>2015-04-29T19:36:00.000</dateLocal><dateUtc>2015-04-30T00:36:00.000Z</dateUtc></estimatedRunwayDeparture><scheduledGateArrival><dateLocal>2015-04-29T22:08:00.000</dateLocal><dateUtc>2015-04-30T05:08:00.000Z</dateUtc></scheduledGateArrival><estimatedGateArrival><dateLocal>2015-04-29T22:08:00.000</dateLocal><dateUtc>2015-04-30T05:08:00.000Z</dateUtc></estimatedGateArrival><flightPlanPlannedArrival><dateLocal>2015-04-29T21:02:00.000</dateLocal><dateUtc>2015-04-30T04:02:00.000Z</dateUtc></flightPlanPlannedArrival><estimatedRunwayArrival><dateLocal>2015-04-29T21:02:00.000</dateLocal><dateUtc>2015-04-30T04:02:00.000Z</dateUtc></estimatedRunwayArrival></operationalTimes><codeshares><codeshare><fsCode>AC</fsCode><flightNumber>5651</flightNumber><relationship>L</relationship></codeshare><codeshare><fsCode>BR</fsCode><flightNumber>3021</flightNumber><relationship>L</relationship></codeshare><codeshare><fsCode>CA</fsCode><flightNumber>7290</flightNumber><relationship>L</relationship></codeshare><codeshare><fsCode>EI</fsCode><flightNumber>6168</flightNumber><relationship>L</relationship></codeshare><codeshare><fsCode>NZ</fsCode><flightNumber>9227</flightNumber><relationship>L</relationship></codeshare><codeshare><fsCode>SK</fsCode><flightNumber>8755</flightNumber><relationship>L</relationship></codeshare></codeshares><flightDurations><scheduledBlockMinutes>279</scheduledBlockMinutes><scheduledAirMinutes>206</scheduledAirMinutes><scheduledTaxiOutMinutes>7</scheduledTaxiOutMinutes><scheduledTaxiInMinutes>66</scheduledTaxiInMinutes></flightDurations><airportResources><departureTerminal>1</departureTerminal><departureGate>C22</departureGate><arrivalTerminal>7</arrivalTerminal><arrivalGate>73</arrivalGate><baggage>3</baggage></airportResources><flightEquipment><scheduledEquipmentIataCode>739</scheduledEquipmentIataCode><tailNumber>N67815</tailNumber></flightEquipment></flightStatus><flightStatus><flightId>534419764</flightId><carrierFsCode>F9</carrierFsCode><flightNumber>1269</flightNumber><departureAirportFsCode>ORD</departureAirportFsCode><arrivalAirportFsCode>LAX</arrivalAirportFsCode><departureDate><dateLocal>2015-04-29T19:35:00.000</dateLocal><dateUtc>2015-04-30T00:35:00.000Z</dateUtc></departureDate><arrivalDate><dateLocal>2015-04-29T22:00:00.000</dateLocal><dateUtc>2015-04-30T05:00:00.000Z</dateUtc></arrivalDate><status>S</status><schedule><flightType>J</flightType><serviceClasses>RJY</serviceClasses><restrictions></restrictions></schedule><operationalTimes><publishedDeparture><dateLocal>2015-04-29T19:35:00.000</dateLocal><dateUtc>2015-04-30T00:35:00.000Z</dateUtc></publishedDeparture><publishedArrival><dateLocal>2015-04-29T22:00:00.000</dateLocal><dateUtc>2015-04-30T05:00:00.000Z</dateUtc></publishedArrival><scheduledGateDeparture><dateLocal>2015-04-29T19:35:00.000</dateLocal><dateUtc>2015-04-30T00:35:00.000Z</dateUtc></scheduledGateDeparture><estimatedGateDeparture><dateLocal>2015-04-29T19:35:00.000</dateLocal><dateUtc>2015-04-30T00:35:00.000Z</dateUtc></estimatedGateDeparture><flightPlanPlannedDeparture><dateLocal>2015-04-29T19:45:00.000</dateLocal><dateUtc>2015-04-30T00:45:00.000Z</dateUtc></flightPlanPlannedDeparture><estimatedRunwayDeparture><dateLocal>2015-04-29T19:45:00.000</dateLocal><dateUtc>2015-04-30T00:45:00.000Z</dateUtc></estimatedRunwayDeparture><scheduledGateArrival><dateLocal>2015-04-29T22:00:00.000</dateLocal><dateUtc>2015-04-30T05:00:00.000Z</dateUtc></scheduledGateArrival><estimatedGateArrival><dateLocal>2015-04-29T22:00:00.000</dateLocal><dateUtc>2015-04-30T05:00:00.000Z</dateUtc></estimatedGateArrival><flightPlanPlannedArrival><dateLocal>2015-04-29T21:15:00.000</dateLocal><dateUtc>2015-04-30T04:15:00.000Z</dateUtc></flightPlanPlannedArrival><estimatedRunwayArrival><dateLocal>2015-04-29T21:15:00.000</dateLocal><dateUtc>2015-04-30T04:15:00.000Z</dateUtc></estimatedRunwayArrival></operationalTimes><flightDurations><scheduledBlockMinutes>265</scheduledBlockMinutes><scheduledAirMinutes>210</scheduledAirMinutes><scheduledTaxiOutMinutes>10</scheduledTaxiOutMinutes><scheduledTaxiInMinutes>45</scheduledTaxiInMinutes></flightDurations><airportResources><departureTerminal>3</departureTerminal><departureGate>L1</departureGate><arrivalTerminal>3</arrivalTerminal><arrivalGate>31B</arrivalGate></airportResources><flightEquipment><scheduledEquipmentIataCode>320</scheduledEquipmentIataCode><tailNumber>N203FR</tailNumber></flightEquipment></flightStatus><flightStatus><flightId>534419761</flightId><carrierFsCode>AA</carrierFsCode><flightNumber>1092</flightNumber><departureAirportFsCode>ORD</departureAirportFsCode><arrivalAirportFsCode>LAX</arrivalAirportFsCode><departureDate><dateLocal>2015-04-29T20:20:00.000</dateLocal><dateUtc>2015-04-30T01:20:00.000Z</dateUtc></departureDate><arrivalDate><dateLocal>2015-04-29T23:00:00.000</dateLocal><dateUtc>2015-04-30T06:00:00.000Z</dateUtc></arrivalDate><status>S</status><schedule><flightType>J</flightType><serviceClasses>FY</serviceClasses><restrictions></restrictions></schedule><operationalTimes><publishedDeparture><dateLocal>2015-04-29T20:20:00.000</dateLocal><dateUtc>2015-04-30T01:20:00.000Z</dateUtc></publishedDeparture><publishedArrival><dateLocal>2015-04-29T23:00:00.000</dateLocal><dateUtc>2015-04-30T06:00:00.000Z</dateUtc></publishedArrival><scheduledGateDeparture><dateLocal>2015-04-29T20:20:00.000</dateLocal><dateUtc>2015-04-30T01:20:00.000Z</dateUtc></scheduledGateDeparture><estimatedGateDeparture><dateLocal>2015-04-29T20:20:00.000</dateLocal><dateUtc>2015-04-30T01:20:00.000Z</dateUtc></estimatedGateDeparture><flightPlanPlannedDeparture><dateLocal>2015-04-29T20:30:00.000</dateLocal><dateUtc>2015-04-30T01:30:00.000Z</dateUtc></flightPlanPlannedDeparture><scheduledGateArrival><dateLocal>2015-04-29T23:00:00.000</dateLocal><dateUtc>2015-04-30T06:00:00.000Z</dateUtc></scheduledGateArrival><estimatedGateArrival><dateLocal>2015-04-29T23:00:00.000</dateLocal><dateUtc>2015-04-30T06:00:00.000Z</dateUtc></estimatedGateArrival><flightPlanPlannedArrival><dateLocal>2015-04-29T22:00:00.000</dateLocal><dateUtc>2015-04-30T05:00:00.000Z</dateUtc></flightPlanPlannedArrival></operationalTimes><codeshares><codeshare><fsCode>AS</fsCode><flightNumber>1227</flightNumber><relationship>L</relationship></codeshare><codeshare><fsCode>BA</fsCode><flightNumber>4349</flightNumber><relationship>L</relationship></codeshare><codeshare><fsCode>MH</fsCode><flightNumber>9369</flightNumber><relationship>L</relationship></codeshare><codeshare><fsCode>QF</fsCode><flightNumber>4915</flightNumber><relationship>L</relationship></codeshare><codeshare><fsCode>RJ</fsCode><flightNumber>7156</flightNumber><relationship>L</relationship></codeshare><codeshare><fsCode>US</fsCode><flightNumber>1092</flightNumber><relationship>L</relationship></codeshare></codeshares><flightDurations><scheduledBlockMinutes>280</scheduledBlockMinutes><scheduledAirMinutes>210</scheduledAirMinutes><scheduledTaxiOutMinutes>10</scheduledTaxiOutMinutes><scheduledTaxiInMinutes>60</scheduledTaxiInMinutes></flightDurations><airportResources><departureTerminal>3</departureTerminal><departureGate>K13</departureGate><arrivalTerminal>4</arrivalTerminal><arrivalGate>41</arrivalGate></airportResources><flightEquipment><scheduledEquipmentIataCode>738</scheduledEquipmentIataCode><tailNumber>N940NN</tailNumber></flightEquipment></flightStatus><flightStatus><flightId>534419768</flightId><carrierFsCode>QF</carrierFsCode><flightNumber>7558</flightNumber><departureAirportFsCode>ORD</departureAirportFsCode><arrivalAirportFsCode>LAX</arrivalAirportFsCode><departureDate><dateLocal>2015-04-29T20:35:00.000</dateLocal><dateUtc>2015-04-30T01:35:00.000Z</dateUtc></departureDate><arrivalDate><dateLocal>2015-04-29T22:45:00.000</dateLocal><dateUtc>2015-04-30T05:45:00.000Z</dateUtc></arrivalDate><status>S</status><schedule><flightType>F</flightType><serviceClasses>Y</serviceClasses><restrictions>A</restrictions><downlines><downline><fsCode>HNL</fsCode><flightId>534403848</flightId></downline><downline><fsCode>SYD</fsCode><flightId>534393660</flightId></downline></downlines></schedule><operationalTimes><publishedDeparture><dateLocal>2015-04-29T20:35:00.000</dateLocal><dateUtc>2015-04-30T01:35:00.000Z</dateUtc></publishedDeparture><publishedArrival><dateLocal>2015-04-29T22:45:00.000</dateLocal><dateUtc>2015-04-30T05:45:00.000Z</dateUtc></publishedArrival><scheduledGateDeparture><dateLocal>2015-04-29T20:35:00.000</dateLocal><dateUtc>2015-04-30T01:35:00.000Z</dateUtc></scheduledGateDeparture><flightPlanPlannedDeparture><dateLocal>2015-04-29T20:45:00.000</dateLocal><dateUtc>2015-04-30T01:45:00.000Z</dateUtc></flightPlanPlannedDeparture><estimatedRunwayDeparture><dateLocal>2015-04-29T20:45:00.000</dateLocal><dateUtc>2015-04-30T01:45:00.000Z</dateUtc></estimatedRunwayDeparture><scheduledGateArrival><dateLocal>2015-04-29T22:45:00.000</dateLocal><dateUtc>2015-04-30T05:45:00.000Z</dateUtc></scheduledGateArrival><flightPlanPlannedArrival><dateLocal>2015-04-29T22:02:00.000</dateLocal><dateUtc>2015-04-30T05:02:00.000Z</dateUtc></flightPlanPlannedArrival><estimatedRunwayArrival><dateLocal>2015-04-29T22:02:00.000</dateLocal><dateUtc>2015-04-30T05:02:00.000Z</dateUtc></estimatedRunwayArrival></operationalTimes><flightDurations><scheduledBlockMinutes>250</scheduledBlockMinutes><scheduledAirMinutes>197</scheduledAirMinutes><scheduledTaxiOutMinutes>10</scheduledTaxiOutMinutes><scheduledTaxiInMinutes>43</scheduledTaxiInMinutes></flightDurations><flightEquipment><scheduledEquipmentIataCode>74Y</scheduledEquipmentIataCode></flightEquipment></flightStatus><flightStatus><flightId>534419752</flightId><carrierFsCode>UA</carrierFsCode><flightNumber>1750</flightNumber><departureAirportFsCode>ORD</departureAirportFsCode><arrivalAirportFsCode>LAX</arrivalAirportFsCode><departureDate><dateLocal>2015-04-29T21:00:00.000</dateLocal><dateUtc>2015-04-30T02:00:00.000Z</dateUtc></departureDate><arrivalDate><dateLocal>2015-04-29T23:33:00.000</dateLocal><dateUtc>2015-04-30T06:33:00.000Z</dateUtc></arrivalDate><status>S</status><schedule><flightType>J</flightType><serviceClasses>FJY</serviceClasses><restrictions></restrictions><uplines><upline><fsCode>TPA</fsCode><flightId>534439333</flightId></upline></uplines></schedule><operationalTimes><publishedDeparture><dateLocal>2015-04-29T21:00:00.000</dateLocal><dateUtc>2015-04-30T02:00:00.000Z</dateUtc></publishedDeparture><publishedArrival><dateLocal>2015-04-29T23:33:00.000</dateLocal><dateUtc>2015-04-30T06:33:00.000Z</dateUtc></publishedArrival><scheduledGateDeparture><dateLocal>2015-04-29T21:00:00.000</dateLocal><dateUtc>2015-04-30T02:00:00.000Z</dateUtc></scheduledGateDeparture><estimatedGateDeparture><dateLocal>2015-04-29T21:00:00.000</dateLocal><dateUtc>2015-04-30T02:00:00.000Z</dateUtc></estimatedGateDeparture><flightPlanPlannedDeparture><dateLocal>2015-04-29T21:06:00.000</dateLocal><dateUtc>2015-04-30T02:06:00.000Z</dateUtc></flightPlanPlannedDeparture><estimatedRunwayDeparture><dateLocal>2015-04-29T21:06:00.000</dateLocal><dateUtc>2015-04-30T02:06:00.000Z</dateUtc></estimatedRunwayDeparture><scheduledGateArrival><dateLocal>2015-04-29T23:33:00.000</dateLocal><dateUtc>2015-04-30T06:33:00.000Z</dateUtc></scheduledGateArrival><estimatedGateArrival><dateLocal>2015-04-29T23:33:00.000</dateLocal><dateUtc>2015-04-30T06:33:00.000Z</dateUtc></estimatedGateArrival><flightPlanPlannedArrival><dateLocal>2015-04-29T22:36:00.000</dateLocal><dateUtc>2015-04-30T05:36:00.000Z</dateUtc></flightPlanPlannedArrival><estimatedRunwayArrival><dateLocal>2015-04-29T22:36:00.000</dateLocal><dateUtc>2015-04-30T05:36:00.000Z</dateUtc></estimatedRunwayArrival></operationalTimes><codeshares><codeshare><fsCode>AC</fsCode><flightNumber>5043</flightNumber><relationship>L</relationship></codeshare><codeshare><fsCode>CA</fsCode><flightNumber>7289</flightNumber><relationship>L</relationship></codeshare><codeshare><fsCode>EI</fsCode><flightNumber>6166</flightNumber><relationship>L</relationship></codeshare><codeshare><fsCode>LH</fsCode><flightNumber>9198</flightNumber><relationship>L</relationship></codeshare><codeshare><fsCode>NZ</fsCode><flightNumber>9129</flightNumber><relationship>L</relationship></codeshare><codeshare><fsCode>SK</fsCode><flightNumber>8747</flightNumber><relationship>L</relationship></codeshare></codeshares><flightDurations><scheduledBlockMinutes>273</scheduledBlockMinutes><scheduledAirMinutes>210</scheduledAirMinutes><scheduledTaxiOutMinutes>6</scheduledTaxiOutMinutes><scheduledTaxiInMinutes>57</scheduledTaxiInMinutes></flightDurations><airportResources><departureTerminal>1</departureTerminal><departureGate>B12</departureGate><arrivalTerminal>7</arrivalTerminal><arrivalGate>73</arrivalGate><baggage>3</baggage></airportResources><flightEquipment><scheduledEquipmentIataCode>738</scheduledEquipmentIataCode><tailNumber>N16217</tailNumber></flightEquipment></flightStatus></flightStatuses><request><url>https://api.flightstats.com/flex/flightstatus/rest/v2/xml/route/status/ORD/LAX/arr/2015/4/29</url><departureAirport><requestedCode>ORD</requestedCode><fsCode>ORD</fsCode></departureAirport><arrivalAirport><requestedCode>LAX</requestedCode><fsCode>LAX</fsCode></arrivalAirport><date><year>2015</year><month>4</month><day>29</day><interpreted>2015-04-29</interpreted></date><hourOfDay><interpreted>0</interpreted></hourOfDay><utc><interpreted>false</interpreted></utc><numHours><interpreted>24</interpreted></numHours><codeType/><maxFlights/><extendedOptions/></request></response>