<?xml version="1.0" encoding="UTF-8" standalone="yes"?>
<response>
	<appendix/>
	<flightPositions>
		<flightPosition>
			<flightId>535723273</flightId>
			<callsign>RYR122</callsign>
			<heading>327.8174600347727</heading>
			<source>derived</source>
			<positions>
				<position>
					<lon>-1.5303</lon>
					<lat>51.8997</lat>
					<speedMph>420</speedMph>
					<altitudeFt>17699</altitudeFt>
					<source>derived</source>
					<date>2015-04-29T12:37:53.000Z</date>
				</position>
				<position>
					<lon>-1.4546</lon>
					<lat>51.8255</lat>
					<speedMph>393</speedMph>
					<altitudeFt>16469</altitudeFt>
					<source>derived</source>
					<date>2015-04-29T12:38:53.000Z</date>
				</position>
				<position>
					<lon>-1.3784</lon>
					<lat>51.751</lat>
					<speedMph>367</speedMph>
					<altitudeFt>15475</altitudeFt>
					<source>derived</source>
					<date>2015-04-29T12:39:53.000Z</date>
				</position>
				<position>
					<lon>-1.307</lon>
					<lat>51.6815</lat>
					<speedMph>317</speedMph>
					<altitudeFt>15042</altitudeFt>
					<source>derived</source>
					<date>2015-04-29T12:40:53.000Z</date>
				</position>
				<position>
					<lon>-1.237</lon>
					<lat>51.6135</lat>
					<speedMph>308</speedMph>
					<altitudeFt>14875</altitudeFt>
					<source>derived</source>
					<date>2015-04-29T12:41:53.000Z</date>
				</position>
				<position>
					<lon>-1.1665</lon>
					<lat>51.5462</lat>
					<speedMph>334</speedMph>
					<altitudeFt>14917</altitudeFt>
					<source>derived</source>
					<date>2015-04-29T12:42:53.000Z</date>
				</position>
				<position>
					<lon>-1.0831</lon>
					<lat>51.483</lat>
					<speedMph>336</speedMph>
					<altitudeFt>14950</altitudeFt>
					<source>derived</source>
					<date>2015-04-29T12:43:53.000Z</date>
				</position>
				<position>
					<lon>-0.9886</lon>
					<lat>51.4264</lat>
					<speedMph>340</speedMph>
					<altitudeFt>15005</altitudeFt>
					<source>derived</source>
					<date>2015-04-29T12:44:53.000Z</date>
				</position>
				<position>
					<lon>-0.8908</lon>
					<lat>51.3715</lat>
					<speedMph>345</speedMph>
					<altitudeFt>15000</altitudeFt>
					<source>derived</source>
					<date>2015-04-29T12:45:53.000Z</date>
				</position>
				<position>
					<lon>-0.8076</lon>
					<lat>51.3118</lat>
					<speedMph>332</speedMph>
					<altitudeFt>15000</altitudeFt>
					<source>derived</source>
					<date>2015-04-29T12:46:53.000Z</date>
				</position>
			</positions>
		</flightPosition>
		<flightPosition>
			<flightId>534406669</flightId>
			<callsign>BAW952</callsign>
			<heading>233.15865585595492</heading>
			<source>derived</source>
			<positions>
				<position>
					<lon>-0.4373</lon>
					<lat>51.4747</lat>
					<speedMph>9</speedMph>
					<source>derived</source>
					<date>2015-04-29T12:38:17.000Z</date>
				</position>
				<position>
					<lon>-0.4358</lon>
					<lat>51.4754</lat>
					<speedMph>6</speedMph>
					<source>derived</source>
					<date>2015-04-29T12:39:17.000Z</date>
				</position>
				<position>
					<lon>-0.4355</lon>
					<lat>51.4757</lat>
					<speedMph>4</speedMph>
					<source>derived</source>
					<date>2015-04-29T12:40:17.000Z</date>
				</position>
				<position>
					<lon>-0.4353</lon>
					<lat>51.4759</lat>
					<speedMph>4</speedMph>
					<source>derived</source>
					<date>2015-04-29T12:41:17.000Z</date>
				</position>
				<position>
					<lon>-0.4355</lon>
					<lat>51.476</lat>
					<speedMph>4</speedMph>
					<source>derived</source>
					<date>2015-04-29T12:42:17.000Z</date>
				</position>
				<position>
					<lon>-0.4356</lon>
					<lat>51.4761</lat>
					<speedMph>1</speedMph>
					<source>derived</source>
					<date>2015-04-29T12:43:17.000Z</date>
				</position>
				<position>
					<lon>-0.4344</lon>
					<lat>51.4765</lat>
					<speedMph>3</speedMph>
					<source>derived</source>
					<date>2015-04-29T12:44:17.000Z</date>
				</position>
				<position>
					<lon>-0.457</lon>
					<lat>51.4772</lat>
					<speedMph>46</speedMph>
					<source>derived</source>
					<date>2015-04-29T12:45:17.000Z</date>
				</position>
				<position>
					<lon>-0.4936</lon>
					<lat>51.4773</lat>
					<speedMph>103</speedMph>
					<source>derived</source>
					<date>2015-04-29T12:46:17.000Z</date>
				</position>
				<position>
					<lon>-0.5262</lon>
					<lat>51.4505</lat>
					<speedMph>147</speedMph>
					<source>derived</source>
					<date>2015-04-29T12:47:17.000Z</date>
				</position>
			</positions>
		</flightPosition>
		<flightPosition>
			<flightId>534377747</flightId>
			<callsign>EIN447</callsign>
			<heading>109.64184528207727</heading>
			<source>derived</source>
			<positions>
				<position>
					<lon>1.0653</lon>
					<lat>50.959</lat>
					<speedMph>512</speedMph>
					<altitudeFt>36000</altitudeFt>
					<source>derived</source>
					<date>2015-04-29T12:37:26.000Z</date>
				</position>
				<position>
					<lon>0.9083</lon>
					<lat>50.9944</lat>
					<speedMph>471</speedMph>
					<altitudeFt>36000</altitudeFt>
					<source>derived</source>
					<date>2015-04-29T12:38:26.000Z</date>
				</position>
				<position>
					<lon>0.8524</lon>
					<lat>51.0023</lat>
					<speedMph>246</speedMph>
					<altitudeFt>36000</altitudeFt>
					<source>derived</source>
					<date>2015-04-29T12:39:26.000Z</date>
				</position>
				<position>
					<lon>0.5861</lon>
					<lat>51.06</lat>
					<speedMph>480</speedMph>
					<altitudeFt>36000</altitudeFt>
					<source>derived</source>
					<date>2015-04-29T12:40:26.000Z</date>
				</position>
				<position>
					<lon>0.379</lon>
					<lat>51.0992</lat>
					<speedMph>590</speedMph>
					<altitudeFt>36000</altitudeFt>
					<source>derived</source>
					<date>2015-04-29T12:41:26.000Z</date>
				</position>
				<position>
					<lon>0.228</lon>
					<lat>51.1299</lat>
					<speedMph>539</speedMph>
					<altitudeFt>36000</altitudeFt>
					<source>derived</source>
					<date>2015-04-29T12:42:26.000Z</date>
				</position>
				<position>
					<lon>0.0129</lon>
					<lat>51.1736</lat>
					<speedMph>586</speedMph>
					<altitudeFt>36000</altitudeFt>
					<source>derived</source>
					<date>2015-04-29T12:43:26.000Z</date>
				</position>
				<position>
					<lon>-0.1836</lon>
					<lat>51.2132</lat>
					<speedMph>511</speedMph>
					<altitudeFt>36000</altitudeFt>
					<source>derived</source>
					<date>2015-04-29T12:44:26.000Z</date>
				</position>
				<position>
					<lon>-0.3482</lon>
					<lat>51.2458</lat>
					<speedMph>361</speedMph>
					<altitudeFt>36000</altitudeFt>
					<source>derived</source>
					<date>2015-04-29T12:45:26.000Z</date>
				</position>
				<position>
					<lon>-0.5493</lon>
					<lat>51.2852</lat>
					<speedMph>525</speedMph>
					<altitudeFt>36000</altitudeFt>
					<source>derived</source>
					<date>2015-04-29T12:46:26.000Z</date>
				</position>
			</positions>
		</flightPosition>
		<flightPosition>
			<flightId>535723328</flightId>
			<callsign>RYR115</callsign>
			<heading>318.34962858919044</heading>
			<source>derived</source>
			<positions>
				<position>
					<lon>-0.3452</lon>
					<lat>51.2213</lat>
					<speedMph>189</speedMph>
					<altitudeFt>1952</altitudeFt>
					<source>derived</source>
					<date>2015-04-29T12:37:56.000Z</date>
				</position>
				<position>
					<lon>-0.2318</lon>
					<lat>51.1415</lat>
					<speedMph>178</speedMph>
					<altitudeFt>1848</altitudeFt>
					<source>derived</source>
					<date>2015-04-29T12:38:56.000Z</date>
				</position>
				<position>
					<lon>-0.3066</lon>
					<lat>51.1318</lat>
					<speedMph>202</speedMph>
					<altitudeFt>3799</altitudeFt>
					<source>derived</source>
					<date>2015-04-29T12:39:56.000Z</date>
				</position>
				<position>
					<lon>-0.3875</lon>
					<lat>51.1559</lat>
					<speedMph>293</speedMph>
					<altitudeFt>6170</altitudeFt>
					<source>derived</source>
					<date>2015-04-29T12:40:56.000Z</date>
				</position>
				<position>
					<lon>-0.4539</lon>
					<lat>51.2155</lat>
					<speedMph>370</speedMph>
					<altitudeFt>9737</altitudeFt>
					<source>derived</source>
					<date>2015-04-29T12:41:56.000Z</date>
				</position>
				<position>
					<lon>-0.5163</lon>
					<lat>51.2792</lat>
					<speedMph>387</speedMph>
					<altitudeFt>13249</altitudeFt>
					<source>derived</source>
					<date>2015-04-29T12:42:56.000Z</date>
				</position>
				<position>
					<lon>-0.5912</lon>
					<lat>51.3446</lat>
					<speedMph>379</speedMph>
					<altitudeFt>16893</altitudeFt>
					<source>derived</source>
					<date>2015-04-29T12:43:56.000Z</date>
				</position>
				<position>
					<lon>-0.6992</lon>
					<lat>51.3879</lat>
					<speedMph>334</speedMph>
					<altitudeFt>20216</altitudeFt>
					<source>derived</source>
					<date>2015-04-29T12:44:56.000Z</date>
				</position>
				<position>
					<lon>-0.8258</lon>
					<lat>51.4154</lat>
					<speedMph>369</speedMph>
					<altitudeFt>22546</altitudeFt>
					<source>derived</source>
					<date>2015-04-29T12:45:56.000Z</date>
				</position>
				<position>
					<lon>-0.9745</lon>
					<lat>51.4411</lat>
					<speedMph>423</speedMph>
					<altitudeFt>24508</altitudeFt>
					<source>derived</source>
					<date>2015-04-29T12:46:56.000Z</date>
				</position>
			</positions>
		</flightPosition>
		<flightPosition>
			<flightId>534438814</flightId>
			<callsign>ELY315</callsign>
			<heading>91.8622170609686</heading>
			<source>derived</source>
			<positions>
				<position>
					<lon>-0.1663</lon>
					<lat>51.4657</lat>
					<speedMph>270</speedMph>
					<altitudeFt>3219</altitudeFt>
					<source>derived</source>
					<date>2015-04-29T12:37:44.000Z</date>
				</position>
				<position>
					<lon>-0.2488</lon>
					<lat>51.4674</lat>
					<speedMph>280</speedMph>
					<altitudeFt>2447</altitudeFt>
					<source>derived</source>
					<date>2015-04-29T12:38:44.000Z</date>
				</position>
				<position>
					<lon>-0.3165</lon>
					<lat>51.4664</lat>
					<speedMph>206</speedMph>
					<altitudeFt>1637</altitudeFt>
					<source>derived</source>
					<date>2015-04-29T12:39:44.000Z</date>
				</position>
				<position>
					<lon>-0.3752</lon>
					<lat>51.4654</lat>
					<speedMph>150</speedMph>
					<altitudeFt>812</altitudeFt>
					<source>derived</source>
					<date>2015-04-29T12:40:44.000Z</date>
				</position>
				<position>
					<lon>-0.4282</lon>
					<lat>51.465</lat>
					<speedMph>129</speedMph>
					<altitudeFt>247</altitudeFt>
					<source>derived</source>
					<date>2015-04-29T12:41:44.000Z</date>
				</position>
				<position>
					<lon>-0.4744</lon>
					<lat>51.465</lat>
					<speedMph>112</speedMph>
					<altitudeFt>26</altitudeFt>
					<source>derived</source>
					<date>2015-04-29T12:42:44.000Z</date>
				</position>
				<position>
					<lon>-0.4614</lon>
					<lat>51.4626</lat>
					<speedMph>13</speedMph>
					<altitudeFt>-489</altitudeFt>
					<source>derived</source>
					<date>2015-04-29T12:43:44.000Z</date>
				</position>
				<position>
					<lon>-0.448</lon>
					<lat>51.4605</lat>
					<speedMph>57</speedMph>
					<altitudeFt>-515</altitudeFt>
					<source>derived</source>
					<date>2015-04-29T12:44:44.000Z</date>
				</position>
				<position>
					<lon>-0.465</lon>
					<lat>51.4591</lat>
					<speedMph>39</speedMph>
					<altitudeFt>-1048</altitudeFt>
					<source>derived</source>
					<date>2015-04-29T12:45:44.000Z</date>
				</position>
				<position>
					<lon>-0.4521</lon>
					<lat>51.4574</lat>
					<speedMph>26</speedMph>
					<source>derived</source>
					<date>2015-04-29T12:46:44.000Z</date>
				</position>
			</positions>
		</flightPosition>
	</flightPositions>
	<request>
		<url>https://api.flightstats.com/flex/flightstatus/rest/v2/xml/flightsNear/51.46666717529297/-1.1166666746139526/51.06666717529297/-0.44999998807907104</url>
		<topLatitude>
			<requested>51.46666717529297</requested>
			<interpreted>51.46666717529297</interpreted>
		</topLatitude>
		<leftLongitude>
			<requested>-1.1166666746139526</requested>
			<interpreted>-1.1166666746139526</interpreted>
		</leftLongitude>
		<bottomLatitude>
			<requested>51.06666717529297</requested>
			<interpreted>51.06666717529297</interpreted>
		</bottomLatitude>
		<rightLongitude>
			<requested>-0.44999998807907104</requested>
			<interpreted>-0.44999998807907104</interpreted>
		</rightLongitude>
		<maxFlights/>
		<extendedOptions/>
	</request>
</response>