<?xml version="1.0" encoding="UTF-8" standalone="yes"?>
<response>
	<delayIndexes>
		<delayIndex>
			<airport>
				<fs>LHR</fs>
				<iata>LHR</iata>
				<icao>EGLL</icao>
				<name>London Heathrow Airport</name>
				<city>London</city>
				<cityCode>LON</cityCode>
				<stateCode>EN</stateCode>
				<countryCode>GB</countryCode>
				<countryName>United Kingdom</countryName>
				<regionName>Europe</regionName>
				<timeZoneRegionName>Europe/London</timeZoneRegionName>
				<localTime>2015-04-28T06:33:40.424</localTime>
				<utcOffsetHours>1.0</utcOffsetHours>
				<latitude>51.469603</latitude>
				<longitude>-0.453566</longitude>
				<elevationFeet>80</elevationFeet>
				<classification>1</classification>
				<active>true</active>
				<weatherUrl>https://api.flightstats.com/flex/weather/rest/v1/json/all/LHR?codeType=fs</weatherUrl>
			</airport>
			<rawScore>0.0</rawScore>
			<normalizedScore>0.0</normalizedScore>
			<dateStart>2015-04-28T04:00:00.000Z</dateStart>
			<dateEnd>2015-04-28T07:00:00.000Z</dateEnd>
			<flights>70</flights>
			<observations>70</observations>
			<canceled>0</canceled>
			<onTime>70</onTime>
			<delayed15>0</delayed15>
			<delayed30>0</delayed30>
			<delayed45>0</delayed45>
			<delta>0.0</delta>
		</delayIndex>
		<delayIndex>
			<airport>
				<fs>PZE</fs>
				<iata>PZE</iata>
				<icao>EGHK</icao>
				<name>Penzance Heliport</name>
				<city>Penzance</city>
				<cityCode>PZE</cityCode>
				<stateCode>EN</stateCode>
				<countryCode>GB</countryCode>
				<countryName>United Kingdom</countryName>
				<regionName>Europe</regionName>
				<timeZoneRegionName>Europe/London</timeZoneRegionName>
				<localTime>2015-04-28T06:33:40.424</localTime>
				<utcOffsetHours>1.0</utcOffsetHours>
				<latitude>50.127545</latitude>
				<longitude>-5.518258</longitude>
				<elevationFeet>8</elevationFeet>
				<classification>4</classification>
				<active>true</active>
				<weatherUrl>https://api.flightstats.com/flex/weather/rest/v1/json/all/PZE?codeType=fs</weatherUrl>
			</airport>
			<rawScore>0.0</rawScore>
			<normalizedScore>0.0</normalizedScore>
			<dateStart>2015-04-28T04:00:00.000Z</dateStart>
			<dateEnd>2015-04-28T07:00:00.000Z</dateEnd>
			<flights>0</flights>
			<observations>0</observations>
			<canceled>0</canceled>
			<onTime>0</onTime>
			<delayed15>0</delayed15>
			<delayed30>0</delayed30>
			<delayed45>0</delayed45>
			<delta>0.0</delta>
		</delayIndex>
		<delayIndex>
			<airport>
				<fs>PIK</fs>
				<iata>PIK</iata>
				<icao>EGPK</icao>
				<name>Glasgow Prestwick Airport</name>
				<city>Glasgow</city>
				<cityCode>GLA</cityCode>
				<stateCode>SC</stateCode>
				<countryCode>GB</countryCode>
				<countryName>United Kingdom</countryName>
				<regionName>Europe</regionName>
				<timeZoneRegionName>Europe/London</timeZoneRegionName>
				<localTime>2015-04-28T06:33:40.424</localTime>
				<utcOffsetHours>1.0</utcOffsetHours>
				<latitude>55.508432</latitude>
				<longitude>-4.611286</longitude>
				<elevationFeet>66</elevationFeet>
				<classification>4</classification>
				<active>true</active>
				<weatherUrl>https://api.flightstats.com/flex/weather/rest/v1/json/all/PIK?codeType=fs</weatherUrl>
			</airport>
			<rawScore>0.0</rawScore>
			<normalizedScore>0.0</normalizedScore>
			<dateStart>2015-04-28T04:00:00.000Z</dateStart>
			<dateEnd>2015-04-28T07:00:00.000Z</dateEnd>
			<flights>0</flights>
			<observations>0</observations>
			<canceled>0</canceled>
			<onTime>0</onTime>
			<delayed15>0</delayed15>
			<delayed30>0</delayed30>
			<delayed45>0</delayed45>
			<delta>0.0</delta>
		</delayIndex>
		</delayIndexes>
			<request>
		<url>https://api.flightstats.com/flex/delayindex/rest/v1/xml/country/GB</url>
		<classification/>
		<score/>
		<country>
			<requested>GB</requested>
			<interpreted>GB</interpreted>
		</country>
	</request>
</response>