<?xml version="1.0" encoding="UTF-8" standalone="yes"?>
<response>
	<fidsData>
		<flightNumber>150</flightNumber>
		<airlineLogoUrlPng>http://d3o54sf0907rz4.cloudfront.net/airline-logos/v2/centered/logos/png/300x100/as-logo.png</airlineLogoUrlPng>
		<isCodeshare>false</isCodeshare>
		<remarks>On-Time</remarks>
		<city>Anchorage</city>
		<gate>65B</gate>
		<currentTime>05:52 AM</currentTime>
	</fidsData>
	<fidsData>
		<flightNumber>6786</flightNumber>
		<airlineLogoUrlPng>http://d3o54sf0907rz4.cloudfront.net/airline-logos/v2/centered/logos/png/300x100/aa-logo.png</airlineLogoUrlPng>
		<isCodeshare>true</isCodeshare>
		<remarks>On-Time</remarks>
		<city>Anchorage</city>
		<gate>65B</gate>
		<currentTime>05:52 AM</currentTime>
	</fidsData>
	</response>