{
  "flightTrack" : {
    "flightId" : 271143235 ,
    "carrier" : {
      "fs" : "AA" ,
      "iata" : "AA" ,
      "icao" : "AAL" ,
      "name" : "American Airlines" ,
      "phoneNumber" : "1-800-433-7300" ,
      "active" : true
    } ,
    "flightNumber" : "100" ,
    "tailNumber" : "N774AN" ,
    "callsign" : "AAL100" ,
    "departureAirport" : {
      "fs" : "JFK" ,
      "iata" : "JFK" ,
      "icao" : "KJFK" ,
      "faa" : "JFK" ,
      "name" : "John F. Kennedy International Airport" ,
      "street1" : "JFK Airport" ,
      "street2" : "" ,
      "city" : "New York" ,
      "cityCode" : "NYC" ,
      "stateCode" : "NY" ,
      "postalCode" : "11430" ,
      "countryCode" : "US" ,
      "countryName" : "United States" ,
      "regionName" : "North America" ,
      "timeZoneRegionName" : "America/New_York" ,
      "weatherZone" : "NYZ076" ,
      "localTime" : "2012-08-09T14:58:44.106" ,
      "utcOffsetHours" : -4 ,
      "latitude" : 40.642335 ,
      "longitude" : -73.78817 ,
      "elevationFeet" : 13 ,
      "classification" : 1 ,
      "active" : true
    } ,
    "arrivalAirport" : {
      "fs" : "LHR" ,
      "iata" : "LHR" ,
      "icao" : "EGLL" ,
      "name" : "Heathrow Airport" ,
      "city" : "London" ,
      "cityCode" : "LON" ,
      "stateCode" : "EN" ,
      "countryCode" : "GB" ,
      "countryName" : "United Kingdom" ,
      "regionName" : "Europe" ,
      "timeZoneRegionName" : "Europe/London" ,
      "localTime" : "2012-08-09T19:58:44.108" ,
      "utcOffsetHours" : 1 ,
      "latitude" : 51.469603 ,
      "longitude" : -0.453566 ,
      "elevationFeet" : 80 ,
      "classification" : 1 ,
      "active" : true
    } ,
    "departureDate" : {
      "dateLocal" : "2012-08-08T18:10:00.000" ,
      "dateUtc" : "2012-08-08T22:10:00.000Z"
    } ,
    "equipment" : "777" ,
    "delayMinutes" : 1 ,
    "bearing" : 119.04182593265193 ,
    "heading" : 89.9998044218202 ,
    "positions" : [
      {
        "lon" : -0.4657000005245209 ,
        "lat" : 51.47380065917969 ,
        "speedMph" : 154 ,
        "altitudeFt" : 360 ,
        "source" : "ADS-B" ,
        "date" : "2012-08-09T05:13:13.000Z"
      } , {
        "lon" : -0.46619999408721924 ,
        "lat" : 51.47380065917969 ,
        "speedMph" : 154 ,
        "altitudeFt" : 360 ,
        "source" : "ADS-B" ,
        "date" : "2012-08-09T05:12:52.000Z"
      } , {
        "lon" : -0.46650001406669617 ,
        "lat" : 51.47380065917969 ,
        "speedMph" : 154 ,
        "altitudeFt" : 360 ,
        "source" : "ADS-B" ,
        "date" : "2012-08-09T05:12:33.000Z"
      } , {
        "lon" : -0.4668999910354614 ,
        "lat" : 51.47380065917969 ,
        "speedMph" : 154 ,
        "altitudeFt" : 360 ,
        "source" : "ADS-B" ,
        "date" : "2012-08-09T05:12:23.000Z"
      }
    ] ,
    "waypoints" : [
      {
        "lon" : -73.76667022705078 ,
        "lat" : 40.63333511352539
      } , {
        "lon" : -50 ,
        "lat" : 45
      } , {
        "lon" : -1.1166666746139526 ,
        "lat" : 51.46666717529297
      } , {
        "lon" : -0.44999998807907104 ,
        "lat" : 51.46666717529297
      }
    ] ,
    "legacyRoute" : "KJFK..RAFIN..VODOR..NATV..4500N05000W..4700N04000W..4800N03000W..5000N02000W..SOMAX..ATSUR..EGLL"
  }
}