<flightTrack>
	<flightId>271143235</flightId>
	<carrier>
		<fs>AA</fs>
		<iata>AA</iata>
		<icao>AAL</icao>
		<name>American Airlines</name>
		<phoneNumber>1-800-433-7300</phoneNumber>
		<active>true</active>
	</carrier>
	<flightNumber>100</flightNumber>
	<tailNumber>N774AN</tailNumber>
	<callsign>AAL100</callsign>
	<departureAirport>
		<fs>JFK</fs>
		<iata>JFK</iata>
		<icao>KJFK</icao>
		<faa>JFK</faa>
		<name>John F. Kennedy International Airport</name>
		<street1>JFK Airport</street1>
		<street2/>
		<city>New York</city>
		<cityCode>NYC</cityCode>
		<stateCode>NY</stateCode>
		<postalCode>11430</postalCode>
		<countryCode>US</countryCode>
		<countryName>United States</countryName>
		<regionName>North America</regionName>
		<timeZoneRegionName>America/New_York</timeZoneRegionName>
		<weatherZone>NYZ076</weatherZone>
		<localTime>2012-08-09T15:37:52.040</localTime>
		<utcOffsetHours>-4.0</utcOffsetHours>
		<latitude>40.642335</latitude>
		<longitude>-73.78817</longitude>
		<elevationFeet>13</elevationFeet>
		<classification>1</classification>
		<active>true</active>
	</departureAirport>
	<arrivalAirport>
		<fs>LHR</fs>
		<iata>LHR</iata>
		<icao>EGLL</icao>
		<name>Heathrow Airport</name>
		<city>London</city>
		<cityCode>LON</cityCode>
		<stateCode>EN</stateCode>
		<countryCode>GB</countryCode>
		<countryName>United Kingdom</countryName>
		<regionName>Europe</regionName>
		<timeZoneRegionName>Europe/London</timeZoneRegionName>
		<localTime>2012-08-09T20:37:52.041</localTime>
		<utcOffsetHours>1.0</utcOffsetHours>
		<latitude>51.469603</latitude>
		<longitude>-0.453566</longitude>
		<elevationFeet>80</elevationFeet>
		<classification>1</classification>
		<active>true</active>
	</arrivalAirport>
	<departureDate>
		<dateLocal>2012-08-08T18:10:00.000</dateLocal>
		<dateUtc>2012-08-08T22:10:00.000Z</dateUtc>
	</departureDate>
	<equipment>777</equipment>
	<delayMinutes>1</delayMinutes>
	<bearing>119.04182593265193</bearing>
	<heading>89.9998044218202</heading>
	<positions>
		<position>
			<lon>-0.4657000005245209</lon>
			<lat>51.47380065917969</lat>
			<speedMph>154</speedMph>
			<altitudeFt>360</altitudeFt>
			<source>
			ADS-B</source>
			<date>2012-08-09T05:13:13.000Z</date>
		</position>
		<position>
			<lon>-0.46619999408721924</lon>
			<lat>51.47380065917969</lat>
			<speedMph>154</speedMph>
			<altitudeFt>360</altitudeFt>
			<source>
			ADS-B</source>
			<date>2012-08-09T05:12:52.000Z</date>
		</position>
		<position>
			<lon>-0.46650001406669617</lon>
			<lat>51.47380065917969</lat>
			<speedMph>154</speedMph>
			<altitudeFt>360</altitudeFt>
			<source>
			ADS-B</source>
			<date>2012-08-09T05:12:33.000Z</date>
		</position>
		<position>
			<lon>-0.4668999910354614</lon>
			<lat>51.47380065917969</lat>
			<speedMph>154</speedMph>
			<altitudeFt>360</altitudeFt>
			<source>
			ADS-B</source>
			<date>2012-08-09T05:12:23.000Z</date>
		</position>
	</positions>
	<waypoints>
		<waypoint>
			<lon>-73.76667022705078</lon>
			<lat>40.63333511352539</lat>
		</waypoint>
		<waypoint>
			<lon>-71.73332977294922</lon>
			<lat>40.75</lat>
		</waypoint>
		<waypoint>
			<lon>-50.0</lon>
			<lat>45.0</lat>
		</waypoint>
		<waypoint>
			<lon>-4.066666603088379</lon>
			<lat>51.45000076293945</lat>
		</waypoint>
		<waypoint>
			<lon>-1.0499999523162842</lon>
			<lat>51.46666717529297</lat>
		</waypoint>
		<waypoint>
			<lon>-0.44999998807907104</lon>
			<lat>51.46666717529297</lat>
		</waypoint>
	</waypoints>
	<legacyRoute>
		KJFK./.RAFIN..VODOR..NATV..4500N/05000W..4700N/04000W..4800N/03000W..5000N/02000W..SOMAX..ATSUR..EGLL
	</legacyRoute>
</flightTrack>