<?xml version="1.0" encoding="UTF-8" standalone="yes"?>
<response>
	<appendix>
		<airlines>
			<airline>
				<fs>AA</fs>
				<iata>AA</iata>
				<icao>AAL</icao>
				<name>American Airlines</name>
				<phoneNumber>1-800-433-7300</phoneNumber>
				<active>true</active>
			</airline>
			<airline>
				<fs>AS</fs>
				<iata>AS</iata>
				<icao>ASA</icao>
				<name>Alaska Airlines</name>
				<phoneNumber>1-800-252-7522</phoneNumber>
				<active>true</active>
			</airline>
			<airline>
				<fs>EY</fs>
				<iata>EY</iata>
				<icao>ETD</icao>
				<name>Etihad Airways</name>
				<active>true</active>
			</airline>
			<airline>
				<fs>MH</fs>
				<iata>MH</iata>
				<icao>MAS</icao>
				<name>Malaysia Airlines</name>
				<active>true</active>
			</airline>
			<airline>
				<fs>US</fs>
				<iata>US</iata>
				<icao>AWE</icao>
				<name>US Airways</name>
				<phoneNumber>1-800-943-5436</phoneNumber>
				<active>true</active>
			</airline>
		</airlines>
		<airports>
			<airport>
				<fs>ORD</fs>
				<iata>ORD</iata>
				<icao>KORD</icao>
				<faa>ORD</faa>
				<name>O'Hare International Airport</name>
				<street1>10000 West O'Hare</street1>
				<city>Chicago</city>
				<cityCode>CHI</cityCode>
				<stateCode>IL</stateCode>
				<postalCode>60666</postalCode>
				<countryCode>US</countryCode>
				<countryName>United States</countryName>
				<regionName>North America</regionName>
				<timeZoneRegionName>America/Chicago</timeZoneRegionName>
				<weatherZone>ILZ014</weatherZone>
				<localTime>2015-04-29T06:32:33.629</localTime>
				<utcOffsetHours>-5.0</utcOffsetHours>
				<latitude>41.976912</latitude>
				<longitude>-87.904876</longitude>
				<elevationFeet>668</elevationFeet>
				<classification>1</classification>
				<active>true</active>
				<delayIndexUrl>https://api.flightstats.com/flex/delayindex/rest/v1/json/airports/ORD?codeType=fs</delayIndexUrl>
				<weatherUrl>https://api.flightstats.com/flex/weather/rest/v1/json/all/ORD?codeType=fs</weatherUrl>
			</airport>
			<airport>
				<fs>LAX</fs>
				<iata>LAX</iata>
				<icao>KLAX</icao>
				<faa>LAX</faa>
				<name>Los Angeles International Airport</name>
				<street1>One World Way</street1>
				<street2/>
				<city>Los Angeles</city>
				<cityCode>LAX</cityCode>
				<stateCode>CA</stateCode>
				<postalCode>90045-5803</postalCode>
				<countryCode>US</countryCode>
				<countryName>United States</countryName>
				<regionName>North America</regionName>
				<timeZoneRegionName>America/Los_Angeles</timeZoneRegionName>
				<weatherZone>CAZ041</weatherZone>
				<localTime>2015-04-29T04:32:33.629</localTime>
				<utcOffsetHours>-7.0</utcOffsetHours>
				<latitude>33.943399</latitude>
				<longitude>-118.408279</longitude>
				<elevationFeet>126</elevationFeet>
				<classification>1</classification>
				<active>true</active>
				<delayIndexUrl>https://api.flightstats.com/flex/delayindex/rest/v1/json/airports/LAX?codeType=fs</delayIndexUrl>
				<weatherUrl>https://api.flightstats.com/flex/weather/rest/v1/json/all/LAX?codeType=fs</weatherUrl>
			</airport>
		</airports>
		<equipments>
			<equipment>
				<iata>738</iata>
				<name>Boeing 737-800 Passenger</name>
				<turboProp>false</turboProp>
				<jet>true</jet>
				<widebody>false</widebody>
				<regional>false</regional>
			</equipment>
		</equipments>
	</appendix>
	<flightStatus>
		<flightId>534404114</flightId>
		<carrierFsCode>AA</carrierFsCode>
		<flightNumber>1113</flightNumber>
		<departureAirportFsCode>LAX</departureAirportFsCode>
		<arrivalAirportFsCode>ORD</arrivalAirportFsCode>
		<departureDate>
			<dateLocal>2015-04-29T01:30:00.000</dateLocal>
			<dateUtc>2015-04-29T08:30:00.000Z</dateUtc>
		</departureDate>
		<arrivalDate>
			<dateLocal>2015-04-29T07:38:00.000</dateLocal>
			<dateUtc>2015-04-29T12:38:00.000Z</dateUtc>
		</arrivalDate>
		<status>A</status>
		<schedule>
			<flightType>J</flightType>
			<serviceClasses>FY</serviceClasses>
			<restrictions/>
		</schedule>
		<operationalTimes>
			<publishedDeparture>
				<dateLocal>2015-04-29T01:30:00.000</dateLocal>
				<dateUtc>2015-04-29T08:30:00.000Z</dateUtc>
			</publishedDeparture>
			<publishedArrival>
				<dateLocal>2015-04-29T07:38:00.000</dateLocal>
				<dateUtc>2015-04-29T12:38:00.000Z</dateUtc>
			</publishedArrival>
			<scheduledGateDeparture>
				<dateLocal>2015-04-29T01:30:00.000</dateLocal>
				<dateUtc>2015-04-29T08:30:00.000Z</dateUtc>
			</scheduledGateDeparture>
			<estimatedGateDeparture>
				<dateLocal>2015-04-29T01:37:00.000</dateLocal>
				<dateUtc>2015-04-29T08:37:00.000Z</dateUtc>
			</estimatedGateDeparture>
			<actualGateDeparture>
				<dateLocal>2015-04-29T01:37:00.000</dateLocal>
				<dateUtc>2015-04-29T08:37:00.000Z</dateUtc>
			</actualGateDeparture>
			<flightPlanPlannedDeparture>
				<dateLocal>2015-04-29T01:51:00.000</dateLocal>
				<dateUtc>2015-04-29T08:51:00.000Z</dateUtc>
			</flightPlanPlannedDeparture>
			<estimatedRunwayDeparture>
				<dateLocal>2015-04-29T01:50:00.000</dateLocal>
				<dateUtc>2015-04-29T08:50:00.000Z</dateUtc>
			</estimatedRunwayDeparture>
			<actualRunwayDeparture>
				<dateLocal>2015-04-29T01:50:00.000</dateLocal>
				<dateUtc>2015-04-29T08:50:00.000Z</dateUtc>
			</actualRunwayDeparture>
			<scheduledGateArrival>
				<dateLocal>2015-04-29T07:38:00.000</dateLocal>
				<dateUtc>2015-04-29T12:38:00.000Z</dateUtc>
			</scheduledGateArrival>
			<estimatedGateArrival>
				<dateLocal>2015-04-29T07:56:00.000</dateLocal>
				<dateUtc>2015-04-29T12:56:00.000Z</dateUtc>
			</estimatedGateArrival>
			<flightPlanPlannedArrival>
				<dateLocal>2015-04-29T07:24:00.000</dateLocal>
				<dateUtc>2015-04-29T12:24:00.000Z</dateUtc>
			</flightPlanPlannedArrival>
			<estimatedRunwayArrival>
				<dateLocal>2015-04-29T07:43:00.000</dateLocal>
				<dateUtc>2015-04-29T12:43:00.000Z</dateUtc>
			</estimatedRunwayArrival>
		</operationalTimes>
		<codeshares>
			<codeshare>
				<fsCode>AS</fsCode>
				<flightNumber>1359</flightNumber>
				<relationship>L</relationship>
			</codeshare>
			<codeshare>
				<fsCode>EY</fsCode>
				<flightNumber>3105</flightNumber>
				<relationship>L</relationship>
			</codeshare>
			<codeshare>
				<fsCode>MH</fsCode>
				<flightNumber>9348</flightNumber>
				<relationship>L</relationship>
			</codeshare>
			<codeshare>
				<fsCode>US</fsCode>
				<flightNumber>1113</flightNumber>
				<relationship>L</relationship>
			</codeshare>
		</codeshares>
		<delays>
			<departureGateDelayMinutes>7</departureGateDelayMinutes>
			<arrivalGateDelayMinutes>18</arrivalGateDelayMinutes>
			<arrivalRunwayDelayMinutes>19</arrivalRunwayDelayMinutes>
		</delays>
		<flightDurations>
			<scheduledBlockMinutes>248</scheduledBlockMinutes>
			<scheduledAirMinutes>213</scheduledAirMinutes>
			<scheduledTaxiOutMinutes>21</scheduledTaxiOutMinutes>
			<taxiOutMinutes>13</taxiOutMinutes>
			<scheduledTaxiInMinutes>14</scheduledTaxiInMinutes>
		</flightDurations>
		<airportResources>
			<departureTerminal>4</departureTerminal>
			<departureGate>46B</departureGate>
			<arrivalTerminal>3</arrivalTerminal>
			<arrivalGate>H9</arrivalGate>
			<baggage>4</baggage>
		</airportResources>
		<flightEquipment>
			<scheduledEquipmentIataCode>738</scheduledEquipmentIataCode>
			<tailNumber>N959NN</tailNumber>
		</flightEquipment>
	</flightStatus>
	<request>
		<url>https://api.flightstats.com/flex/flightstatus/rest/v2/xml/flight/status/534404114</url>
		<flightId>
			<requested>534404114</requested>
			<interpreted>534404114</interpreted>
		</flightId>
		<extendedOptions/>
	</request>
</response>