<?xml version="1.0" encoding="UTF-8" standalone="yes"?>
<response>
	<airport>
		<fs>CLO</fs>
		<iata>CLO</iata>
		<icao>SKCL</icao>
		<name>Alfonso B. Aragon Airport</name>
		<city>Cali</city>
		<cityCode>CLO</cityCode>
		<countryCode>CO</countryCode>
		<countryName>Colombia</countryName>
		<regionName>South America</regionName>
		<timeZoneRegionName>America/Bogota</timeZoneRegionName>
		<localTime>2015-04-24T03:16:31.244</localTime>
		<utcOffsetHours>-5.0</utcOffsetHours>
		<latitude>3.543056</latitude>
		<longitude>-76.381389</longitude>
		<elevationFeet>3162</elevationFeet>
		<classification>3</classification>
		<active>true</active>
		<delayIndexUrl>https://api.flightstats.com/flex/delayindex/rest/v1/json/airports/CLO?codeType=fs</delayIndexUrl>
		<weatherUrl>https://api.flightstats.com/flex/weather/rest/v1/json/all/CLO?codeType=fs</weatherUrl>
	</airport>
</response>