<?xml version="1.0" encoding="UTF-8" standalone="yes"?>
<response>
	<appendix>
		<airlines>
			<airline>
				<fs>AA</fs>
				<iata>AA</iata>
				<icao>AAL</icao>
				<name>American Airlines</name>
				<phoneNumber>1-800-433-7300</phoneNumber>
				<active>true</active>
			</airline>
		</airlines>
		<airports>
			<airport>
				<fs>ORD</fs>
				<iata>ORD</iata>
				<icao>KORD</icao>
				<faa>ORD</faa>
				<name>O'Hare International Airport</name>
				<street1>10000 West O'Hare</street1>
				<city>Chicago</city>
				<cityCode>CHI</cityCode>
				<stateCode>IL</stateCode>
				<postalCode>60666</postalCode>
				<countryCode>US</countryCode>
				<countryName>United States</countryName>
				<regionName>North America</regionName>
				<timeZoneRegionName>America/Chicago</timeZoneRegionName>
				<weatherZone>ILZ014</weatherZone>
				<localTime>2015-04-29T06:46:28.958</localTime>
				<utcOffsetHours>-5.0</utcOffsetHours>
				<latitude>41.976912</latitude>
				<longitude>-87.904876</longitude>
				<elevationFeet>668</elevationFeet>
				<classification>1</classification>
				<active>true</active>
				<delayIndexUrl>https://api.flightstats.com/flex/delayindex/rest/v1/json/airports/ORD?codeType=fs</delayIndexUrl>
				<weatherUrl>https://api.flightstats.com/flex/weather/rest/v1/json/all/ORD?codeType=fs</weatherUrl>
			</airport>
			<airport>
				<fs>LAX</fs>
				<iata>LAX</iata>
				<icao>KLAX</icao>
				<faa>LAX</faa>
				<name>Los Angeles International Airport</name>
				<street1>One World Way</street1>
				<street2/>
				<city>Los Angeles</city>
				<cityCode>LAX</cityCode>
				<stateCode>CA</stateCode>
				<postalCode>90045-5803</postalCode>
				<countryCode>US</countryCode>
				<countryName>United States</countryName>
				<regionName>North America</regionName>
				<timeZoneRegionName>America/Los_Angeles</timeZoneRegionName>
				<weatherZone>CAZ041</weatherZone>
				<localTime>2015-04-29T04:46:28.958</localTime>
				<utcOffsetHours>-7.0</utcOffsetHours>
				<latitude>33.943399</latitude>
				<longitude>-118.408279</longitude>
				<elevationFeet>126</elevationFeet>
				<classification>1</classification>
				<active>true</active>
				<delayIndexUrl>https://api.flightstats.com/flex/delayindex/rest/v1/json/airports/LAX?codeType=fs</delayIndexUrl>
				<weatherUrl>https://api.flightstats.com/flex/weather/rest/v1/json/all/LAX?codeType=fs</weatherUrl>
			</airport>
		</airports>
	</appendix>
	<flightTracks>
		<flightTrack>
			<flightId>534404114</flightId>
			<carrierFsCode>AA</carrierFsCode>
			<flightNumber>1113</flightNumber>
			<tailNumber>N959NN</tailNumber>
			<departureAirportFsCode>LAX</departureAirportFsCode>
			<arrivalAirportFsCode>ORD</arrivalAirportFsCode>
			<departureDate>
				<dateLocal>2015-04-29T01:30:00.000</dateLocal>
				<dateUtc>2015-04-29T08:30:00.000Z</dateUtc>
			</departureDate>
			<equipment>738</equipment>
			<delayMinutes>18</delayMinutes>
			<bearing>91.96423614727215</bearing>
			<heading>87.04601736899654</heading>
			<positions>
				<position>
					<lon>-96.8191</lon>
					<lat>42.5512</lat>
					<speedMph>472</speedMph>
					<altitudeFt>37000</altitudeFt>
					<source>derived</source>
					<date>2015-04-29T11:40:24.000Z</date>
				</position>
				<position>
					<lon>-96.9752</lon>
					<lat>42.5454</lat>
					<speedMph>490</speedMph>
					<altitudeFt>37000</altitudeFt>
					<source>derived</source>
					<date>2015-04-29T11:39:24.000Z</date>
				</position>
				<position>
					<lon>-97.1318</lon>
					<lat>42.5394</lat>
					<speedMph>503</speedMph>
					<altitudeFt>37000</altitudeFt>
					<source>derived</source>
					<date>2015-04-29T11:38:24.000Z</date>
				</position>
				<position>
					<lon>-97.2885</lon>
					<lat>42.5335</lat>
					<speedMph>492</speedMph>
					<altitudeFt>37000</altitudeFt>
					<source>derived</source>
					<date>2015-04-29T11:37:24.000Z</date>
				</position>
				<position>
					<lon>-97.4502</lon>
					<lat>42.5272</lat>
					<speedMph>450</speedMph>
					<altitudeFt>37000</altitudeFt>
					<source>derived</source>
					<date>2015-04-29T11:36:24.000Z</date>
				</position>
				<position>
					<lon>-97.5926</lon>
					<lat>42.5215</lat>
					<speedMph>447</speedMph>
					<altitudeFt>37000</altitudeFt>
					<source>derived</source>
					<date>2015-04-29T11:35:24.000Z</date>
				</position>
				<position>
					<lon>-97.7449</lon>
					<lat>42.515</lat>
					<speedMph>421</speedMph>
					<altitudeFt>37000</altitudeFt>
					<source>derived</source>
					<date>2015-04-29T11:34:24.000Z</date>
				</position>
				<position>
					<lon>-97.8806</lon>
					<lat>42.509</lat>
					<speedMph>455</speedMph>
					<altitudeFt>37000</altitudeFt>
					<source>derived</source>
					<date>2015-04-29T11:33:24.000Z</date>
				</position>
				<position>
					<lon>-98.029</lon>
					<lat>42.5026</lat>
					<speedMph>460</speedMph>
					<altitudeFt>37000</altitudeFt>
					<source>derived</source>
					<date>2015-04-29T11:32:24.000Z</date>
				</position>
				<position>
					<lon>-98.1793</lon>
					<lat>42.4957</lat>
					<speedMph>465</speedMph>
					<altitudeFt>37000</altitudeFt>
					<source>derived</source>
					<date>2015-04-29T11:31:24.000Z</date>
				</position>
				<position>
					<lon>-98.3302</lon>
					<lat>42.4888</lat>
					<speedMph>464</speedMph>
					<altitudeFt>37000</altitudeFt>
					<source>derived</source>
					<date>2015-04-29T11:30:24.000Z</date>
				</position>
				<position>
					<lon>-98.4817</lon>
					<lat>42.4813</lat>
					<speedMph>457</speedMph>
					<altitudeFt>37000</altitudeFt>
					<source>derived</source>
					<date>2015-04-29T11:29:24.000Z</date>
				</position>
				<position>
					<lon>-98.6319</lon>
					<lat>42.472</lat>
					<speedMph>449</speedMph>
					<altitudeFt>37000</altitudeFt>
					<source>derived</source>
					<date>2015-04-29T11:28:24.000Z</date>
				</position>
				<position>
					<lon>-98.7791</lon>
					<lat>42.4616</lat>
					<speedMph>468</speedMph>
					<altitudeFt>37000</altitudeFt>
					<source>derived</source>
					<date>2015-04-29T11:27:24.000Z</date>
				</position>
				<position>
					<lon>-98.9326</lon>
					<lat>42.4461</lat>
					<speedMph>484</speedMph>
					<altitudeFt>37000</altitudeFt>
					<source>derived</source>
					<date>2015-04-29T11:26:24.000Z</date>
				</position>
				<position>
					<lon>-99.085</lon>
					<lat>42.4305</lat>
					<speedMph>491</speedMph>
					<altitudeFt>37000</altitudeFt>
					<source>derived</source>
					<date>2015-04-29T11:25:24.000Z</date>
				</position>
				<position>
					<lon>-99.2431</lon>
					<lat>42.4142</lat>
					<speedMph>474</speedMph>
					<altitudeFt>37000</altitudeFt>
					<source>derived</source>
					<date>2015-04-29T11:24:23.000Z</date>
				</position>
				<position>
					<lon>-99.3937</lon>
					<lat>42.3985</lat>
					<speedMph>453</speedMph>
					<altitudeFt>37000</altitudeFt>
					<source>derived</source>
					<date>2015-04-29T11:23:23.000Z</date>
				</position>
				<position>
					<lon>-99.544</lon>
					<lat>42.3828</lat>
					<speedMph>429</speedMph>
					<altitudeFt>37000</altitudeFt>
					<source>derived</source>
					<date>2015-04-29T11:22:23.000Z</date>
				</position>
				<position>
					<lon>-99.6848</lon>
					<lat>42.3678</lat>
					<speedMph>455</speedMph>
					<altitudeFt>37000</altitudeFt>
					<source>derived</source>
					<date>2015-04-29T11:21:23.000Z</date>
				</position>
				<position>
					<lon>-99.8322</lon>
					<lat>42.3519</lat>
					<speedMph>471</speedMph>
					<altitudeFt>37000</altitudeFt>
					<source>derived</source>
					<date>2015-04-29T11:20:23.000Z</date>
				</position>
				<position>
					<lon>-99.9802</lon>
					<lat>42.3357</lat>
					<speedMph>474</speedMph>
					<altitudeFt>37000</altitudeFt>
					<source>derived</source>
					<date>2015-04-29T11:19:23.000Z</date>
				</position>
				<position>
					<lon>-100.1277</lon>
					<lat>42.3193</lat>
					<speedMph>470</speedMph>
					<altitudeFt>37000</altitudeFt>
					<source>derived</source>
					<date>2015-04-29T11:18:23.000Z</date>
				</position>
				<position>
					<lon>-100.2832</lon>
					<lat>42.3018</lat>
					<speedMph>439</speedMph>
					<altitudeFt>37000</altitudeFt>
					<source>derived</source>
					<date>2015-04-29T11:17:23.000Z</date>
				</position>
				<position>
					<lon>-100.4279</lon>
					<lat>42.2853</lat>
					<speedMph>457</speedMph>
					<altitudeFt>37000</altitudeFt>
					<source>derived</source>
					<date>2015-04-29T11:16:22.000Z</date>
				</position>
				<position>
					<lon>-100.5702</lon>
					<lat>42.2692</lat>
					<speedMph>486</speedMph>
					<altitudeFt>37000</altitudeFt>
					<source>derived</source>
					<date>2015-04-29T11:15:22.000Z</date>
				</position>
				<position>
					<lon>-100.7235</lon>
					<lat>42.2512</lat>
					<speedMph>482</speedMph>
					<altitudeFt>37000</altitudeFt>
					<source>derived</source>
					<date>2015-04-29T11:14:22.000Z</date>
				</position>
				<position>
					<lon>-100.8765</lon>
					<lat>42.2334</lat>
					<speedMph>459</speedMph>
					<altitudeFt>37000</altitudeFt>
					<source>derived</source>
					<date>2015-04-29T11:13:22.000Z</date>
				</position>
				<position>
					<lon>-101.0264</lon>
					<lat>42.2154</lat>
					<speedMph>468</speedMph>
					<altitudeFt>37000</altitudeFt>
					<source>derived</source>
					<date>2015-04-29T11:12:22.000Z</date>
				</position>
				<position>
					<lon>-101.1821</lon>
					<lat>42.1969</lat>
					<speedMph>456</speedMph>
					<altitudeFt>37000</altitudeFt>
					<source>derived</source>
					<date>2015-04-29T11:11:22.000Z</date>
				</position>
				<position>
					<lon>-101.3232</lon>
					<lat>42.1797</lat>
					<speedMph>491</speedMph>
					<altitudeFt>37000</altitudeFt>
					<source>derived</source>
					<date>2015-04-29T11:10:22.000Z</date>
				</position>
				<position>
					<lon>-101.4865</lon>
					<lat>42.1596</lat>
					<speedMph>482</speedMph>
					<altitudeFt>37000</altitudeFt>
					<source>derived</source>
					<date>2015-04-29T11:09:18.000Z</date>
				</position>
				<position>
					<lon>-101.6457</lon>
					<lat>42.1397</lat>
					<speedMph>449</speedMph>
					<altitudeFt>37000</altitudeFt>
					<source>derived</source>
					<date>2015-04-29T11:08:18.000Z</date>
				</position>
				<position>
					<lon>-101.7851</lon>
					<lat>42.1222</lat>
					<speedMph>468</speedMph>
					<altitudeFt>37000</altitudeFt>
					<source>derived</source>
					<date>2015-04-29T11:07:18.000Z</date>
				</position>
				<position>
					<lon>-101.9357</lon>
					<lat>42.103</lat>
					<speedMph>463</speedMph>
					<altitudeFt>37000</altitudeFt>
					<source>derived</source>
					<date>2015-04-29T11:06:18.000Z</date>
				</position>
				<position>
					<lon>-102.0845</lon>
					<lat>42.0839</lat>
					<speedMph>463</speedMph>
					<altitudeFt>37000</altitudeFt>
					<source>derived</source>
					<date>2015-04-29T11:05:18.000Z</date>
				</position>
				<position>
					<lon>-102.2334</lon>
					<lat>42.0648</lat>
					<speedMph>466</speedMph>
					<altitudeFt>37000</altitudeFt>
					<source>derived</source>
					<date>2015-04-29T11:04:18.000Z</date>
				</position>
				<position>
					<lon>-102.3829</lon>
					<lat>42.045</lat>
					<speedMph>470</speedMph>
					<altitudeFt>37000</altitudeFt>
					<source>derived</source>
					<date>2015-04-29T11:03:18.000Z</date>
				</position>
				<position>
					<lon>-102.5335</lon>
					<lat>42.0249</lat>
					<speedMph>471</speedMph>
					<altitudeFt>37000</altitudeFt>
					<source>derived</source>
					<date>2015-04-29T11:02:18.000Z</date>
				</position>
				<position>
					<lon>-102.6839</lon>
					<lat>42.0048</lat>
					<speedMph>474</speedMph>
					<altitudeFt>37000</altitudeFt>
					<source>derived</source>
					<date>2015-04-29T11:01:18.000Z</date>
				</position>
				<position>
					<lon>-102.8354</lon>
					<lat>41.9841</lat>
					<speedMph>471</speedMph>
					<altitudeFt>37000</altitudeFt>
					<source>derived</source>
					<date>2015-04-29T11:00:18.000Z</date>
				</position>
				<position>
					<lon>-102.9872</lon>
					<lat>41.9645</lat>
					<speedMph>479</speedMph>
					<altitudeFt>37000</altitudeFt>
					<source>derived</source>
					<date>2015-04-29T10:59:18.000Z</date>
				</position>
				<position>
					<lon>-103.1392</lon>
					<lat>41.9447</lat>
					<speedMph>489</speedMph>
					<altitudeFt>37000</altitudeFt>
					<source>derived</source>
					<date>2015-04-29T10:58:18.000Z</date>
				</position>
				<position>
					<lon>-103.2909</lon>
					<lat>41.923</lat>
					<speedMph>483</speedMph>
					<altitudeFt>37000</altitudeFt>
					<source>derived</source>
					<date>2015-04-29T10:57:18.000Z</date>
				</position>
				<position>
					<lon>-103.4414</lon>
					<lat>41.895</lat>
					<speedMph>467</speedMph>
					<altitudeFt>37000</altitudeFt>
					<source>derived</source>
					<date>2015-04-29T10:56:18.000Z</date>
				</position>
				<position>
					<lon>-103.5813</lon>
					<lat>41.8538</lat>
					<speedMph>453</speedMph>
					<altitudeFt>37000</altitudeFt>
					<source>derived</source>
					<date>2015-04-29T10:55:18.000Z</date>
				</position>
				<position>
					<lon>-103.7194</lon>
					<lat>41.8035</lat>
					<speedMph>450</speedMph>
					<altitudeFt>37000</altitudeFt>
					<source>derived</source>
					<date>2015-04-29T10:54:18.000Z</date>
				</position>
				<position>
					<lon>-103.8494</lon>
					<lat>41.7536</lat>
					<speedMph>472</speedMph>
					<altitudeFt>37000</altitudeFt>
					<source>derived</source>
					<date>2015-04-29T10:53:18.000Z</date>
				</position>
				<position>
					<lon>-103.9827</lon>
					<lat>41.7019</lat>
					<speedMph>478</speedMph>
					<altitudeFt>37000</altitudeFt>
					<source>derived</source>
					<date>2015-04-29T10:52:18.000Z</date>
				</position>
				<position>
					<lon>-104.1173</lon>
					<lat>41.6496</lat>
					<speedMph>466</speedMph>
					<altitudeFt>37000</altitudeFt>
					<source>derived</source>
					<date>2015-04-29T10:51:18.000Z</date>
				</position>
				<position>
					<lon>-104.2538</lon>
					<lat>41.5963</lat>
					<speedMph>449</speedMph>
					<altitudeFt>37000</altitudeFt>
					<source>derived</source>
					<date>2015-04-29T10:50:18.000Z</date>
				</position>
				<position>
					<lon>-104.3878</lon>
					<lat>41.5439</lat>
					<speedMph>448</speedMph>
					<altitudeFt>37000</altitudeFt>
					<source>derived</source>
					<date>2015-04-29T10:49:18.000Z</date>
				</position>
				<position>
					<lon>-104.5139</lon>
					<lat>41.4941</lat>
					<speedMph>488</speedMph>
					<altitudeFt>37000</altitudeFt>
					<source>derived</source>
					<date>2015-04-29T10:48:18.000Z</date>
				</position>
				<position>
					<lon>-104.6497</lon>
					<lat>41.4402</lat>
					<speedMph>488</speedMph>
					<altitudeFt>37000</altitudeFt>
					<source>derived</source>
					<date>2015-04-29T10:47:18.000Z</date>
				</position>
				<position>
					<lon>-104.7859</lon>
					<lat>41.3861</lat>
					<speedMph>480</speedMph>
					<altitudeFt>37000</altitudeFt>
					<source>derived</source>
					<date>2015-04-29T10:46:18.000Z</date>
				</position>
				<position>
					<lon>-104.9266</lon>
					<lat>41.3298</lat>
					<speedMph>444</speedMph>
					<altitudeFt>37000</altitudeFt>
					<source>derived</source>
					<date>2015-04-29T10:45:18.000Z</date>
				</position>
				<position>
					<lon>-105.0513</lon>
					<lat>41.2799</lat>
					<speedMph>459</speedMph>
					<altitudeFt>37000</altitudeFt>
					<source>derived</source>
					<date>2015-04-29T10:44:18.000Z</date>
				</position>
				<position>
					<lon>-105.1767</lon>
					<lat>41.2293</lat>
					<speedMph>382</speedMph>
					<altitudeFt>37000</altitudeFt>
					<source>derived</source>
					<date>2015-04-29T10:43:18.000Z</date>
				</position>
				<position>
					<lon>-105.3123</lon>
					<lat>41.1746</lat>
					<speedMph>434</speedMph>
					<altitudeFt>37000</altitudeFt>
					<source>derived</source>
					<date>2015-04-29T10:42:18.000Z</date>
				</position>
				<position>
					<lon>-105.4423</lon>
					<lat>41.1217</lat>
					<speedMph>498</speedMph>
					<altitudeFt>37000</altitudeFt>
					<source>derived</source>
					<date>2015-04-29T10:41:18.000Z</date>
				</position>
				<position>
					<lon>-105.5869</lon>
					<lat>41.0626</lat>
					<speedMph>604</speedMph>
					<altitudeFt>37000</altitudeFt>
					<source>derived</source>
					<date>2015-04-29T10:40:18.000Z</date>
				</position>
				<position>
					<lon>-105.7348</lon>
					<lat>41.0018</lat>
					<speedMph>604</speedMph>
					<altitudeFt>37000</altitudeFt>
					<source>derived</source>
					<date>2015-04-29T10:39:18.000Z</date>
				</position>
				<position>
					<lon>-105.8977</lon>
					<lat>40.9345</lat>
					<speedMph>604</speedMph>
					<altitudeFt>37000</altitudeFt>
					<source>derived</source>
					<date>2015-04-29T10:38:18.000Z</date>
				</position>
				<position>
					<lon>-106.1501</lon>
					<lat>40.8298</lat>
					<speedMph>210</speedMph>
					<altitudeFt>37000</altitudeFt>
					<source>derived</source>
					<date>2015-04-29T10:37:18.000Z</date>
				</position>
				<position>
					<lon>-106.1976</lon>
					<lat>40.8097</lat>
					<speedMph>364</speedMph>
					<altitudeFt>37000</altitudeFt>
					<source>derived</source>
					<date>2015-04-29T10:36:18.000Z</date>
				</position>
				<position>
					<lon>-106.2468</lon>
					<lat>40.7892</lat>
					<speedMph>501</speedMph>
					<altitudeFt>37000</altitudeFt>
					<source>derived</source>
					<date>2015-04-29T10:35:18.000Z</date>
				</position>
				<position>
					<lon>-106.4001</lon>
					<lat>40.725</lat>
					<speedMph>404</speedMph>
					<altitudeFt>37000</altitudeFt>
					<source>derived</source>
					<date>2015-04-29T10:34:18.000Z</date>
				</position>
				<position>
					<lon>-106.5185</lon>
					<lat>40.6752</lat>
					<speedMph>451</speedMph>
					<altitudeFt>37000</altitudeFt>
					<source>derived</source>
					<date>2015-04-29T10:33:18.000Z</date>
				</position>
				<position>
					<lon>-106.6446</lon>
					<lat>40.622</lat>
					<speedMph>488</speedMph>
					<altitudeFt>37000</altitudeFt>
					<source>derived</source>
					<date>2015-04-29T10:32:18.000Z</date>
				</position>
				<position>
					<lon>-106.7874</lon>
					<lat>40.5611</lat>
					<speedMph>485</speedMph>
					<altitudeFt>37000</altitudeFt>
					<source>derived</source>
					<date>2015-04-29T10:31:18.000Z</date>
				</position>
				<position>
					<lon>-106.9145</lon>
					<lat>40.5072</lat>
					<speedMph>462</speedMph>
					<altitudeFt>37000</altitudeFt>
					<source>derived</source>
					<date>2015-04-29T10:30:18.000Z</date>
				</position>
				<position>
					<lon>-107.045</lon>
					<lat>40.451</lat>
					<speedMph>410</speedMph>
					<altitudeFt>37000</altitudeFt>
					<source>derived</source>
					<date>2015-04-29T10:29:18.000Z</date>
				</position>
				<position>
					<lon>-107.191</lon>
					<lat>40.3882</lat>
					<speedMph>440</speedMph>
					<altitudeFt>37000</altitudeFt>
					<source>derived</source>
					<date>2015-04-29T10:28:18.000Z</date>
				</position>
				<position>
					<lon>-107.3156</lon>
					<lat>40.3344</lat>
					<speedMph>531</speedMph>
					<altitudeFt>37000</altitudeFt>
					<source>derived</source>
					<date>2015-04-29T10:27:18.000Z</date>
				</position>
				<position>
					<lon>-107.4525</lon>
					<lat>40.2754</lat>
					<speedMph>493</speedMph>
					<altitudeFt>37000</altitudeFt>
					<source>derived</source>
					<date>2015-04-29T10:26:18.000Z</date>
				</position>
				<position>
					<lon>-107.591</lon>
					<lat>40.2146</lat>
					<speedMph>474</speedMph>
					<altitudeFt>37000</altitudeFt>
					<source>derived</source>
					<date>2015-04-29T10:25:18.000Z</date>
				</position>
				<position>
					<lon>-107.7323</lon>
					<lat>40.1529</lat>
					<speedMph>439</speedMph>
					<altitudeFt>37000</altitudeFt>
					<source>derived</source>
					<date>2015-04-29T10:24:18.000Z</date>
				</position>
				<position>
					<lon>-107.877</lon>
					<lat>40.0879</lat>
					<speedMph>380</speedMph>
					<altitudeFt>37000</altitudeFt>
					<source>derived</source>
					<date>2015-04-29T10:23:18.000Z</date>
				</position>
				<position>
					<lon>-107.9622</lon>
					<lat>40.0463</lat>
					<speedMph>530</speedMph>
					<altitudeFt>37000</altitudeFt>
					<source>derived</source>
					<date>2015-04-29T10:22:18.000Z</date>
				</position>
				<position>
					<lon>-108.1036</lon>
					<lat>39.9766</lat>
					<speedMph>473</speedMph>
					<altitudeFt>37000</altitudeFt>
					<source>derived</source>
					<date>2015-04-29T10:21:18.000Z</date>
				</position>
				<position>
					<lon>-108.2372</lon>
					<lat>39.9083</lat>
					<speedMph>415</speedMph>
					<altitudeFt>37000</altitudeFt>
					<source>derived</source>
					<date>2015-04-29T10:20:18.000Z</date>
				</position>
				<position>
					<lon>-108.3544</lon>
					<lat>39.8483</lat>
					<speedMph>430</speedMph>
					<altitudeFt>37000</altitudeFt>
					<source>derived</source>
					<date>2015-04-29T10:19:18.000Z</date>
				</position>
				<position>
					<lon>-108.4668</lon>
					<lat>39.7907</lat>
					<speedMph>475</speedMph>
					<altitudeFt>37000</altitudeFt>
					<source>derived</source>
					<date>2015-04-29T10:18:18.000Z</date>
				</position>
				<position>
					<lon>-108.5893</lon>
					<lat>39.7276</lat>
					<speedMph>500</speedMph>
					<altitudeFt>37000</altitudeFt>
					<source>derived</source>
					<date>2015-04-29T10:17:18.000Z</date>
				</position>
				<position>
					<lon>-108.7197</lon>
					<lat>39.6598</lat>
					<speedMph>492</speedMph>
					<altitudeFt>37000</altitudeFt>
					<source>derived</source>
					<date>2015-04-29T10:16:18.000Z</date>
				</position>
				<position>
					<lon>-108.8491</lon>
					<lat>39.5924</lat>
					<speedMph>507</speedMph>
					<altitudeFt>37000</altitudeFt>
					<source>derived</source>
					<date>2015-04-29T10:15:18.000Z</date>
				</position>
				<position>
					<lon>-108.9791</lon>
					<lat>39.5244</lat>
					<speedMph>514</speedMph>
					<altitudeFt>37000</altitudeFt>
					<source>derived</source>
					<date>2015-04-29T10:14:18.000Z</date>
				</position>
				<position>
					<lon>-109.1108</lon>
					<lat>39.455</lat>
					<speedMph>508</speedMph>
					<altitudeFt>37000</altitudeFt>
					<source>derived</source>
					<date>2015-04-29T10:13:18.000Z</date>
				</position>
				<position>
					<lon>-109.241</lon>
					<lat>39.3862</lat>
					<speedMph>508</speedMph>
					<altitudeFt>37000</altitudeFt>
					<source>derived</source>
					<date>2015-04-29T10:12:18.000Z</date>
				</position>
				<position>
					<lon>-109.3728</lon>
					<lat>39.3166</lat>
					<speedMph>508</speedMph>
					<altitudeFt>37000</altitudeFt>
					<source>derived</source>
					<date>2015-04-29T10:11:18.000Z</date>
				</position>
				<position>
					<lon>-109.503</lon>
					<lat>39.2477</lat>
					<speedMph>497</speedMph>
					<altitudeFt>37000</altitudeFt>
					<source>derived</source>
					<date>2015-04-29T10:10:18.000Z</date>
				</position>
				<position>
					<lon>-109.6285</lon>
					<lat>39.1806</lat>
					<speedMph>502</speedMph>
					<altitudeFt>37000</altitudeFt>
					<source>derived</source>
					<date>2015-04-29T10:09:18.000Z</date>
				</position>
				<position>
					<lon>-109.7571</lon>
					<lat>39.1115</lat>
					<speedMph>488</speedMph>
					<altitudeFt>37000</altitudeFt>
					<source>derived</source>
					<date>2015-04-29T10:08:18.000Z</date>
				</position>
				<position>
					<lon>-109.8861</lon>
					<lat>39.0423</lat>
					<speedMph>467</speedMph>
					<altitudeFt>37000</altitudeFt>
					<source>derived</source>
					<date>2015-04-29T10:07:18.000Z</date>
				</position>
				<position>
					<lon>-110.0031</lon>
					<lat>38.9792</lat>
					<speedMph>493</speedMph>
					<altitudeFt>37000</altitudeFt>
					<source>derived</source>
					<date>2015-04-29T10:06:18.000Z</date>
				</position>
				<position>
					<lon>-110.1291</lon>
					<lat>38.9109</lat>
					<speedMph>490</speedMph>
					<altitudeFt>37000</altitudeFt>
					<source>derived</source>
					<date>2015-04-29T10:05:18.000Z</date>
				</position>
				<position>
					<lon>-110.2555</lon>
					<lat>38.8419</lat>
					<speedMph>487</speedMph>
					<altitudeFt>37000</altitudeFt>
					<source>derived</source>
					<date>2015-04-29T10:04:18.000Z</date>
				</position>
				<position>
					<lon>-110.379</lon>
					<lat>38.7746</lat>
					<speedMph>487</speedMph>
					<altitudeFt>37000</altitudeFt>
					<source>derived</source>
					<date>2015-04-29T10:03:18.000Z</date>
				</position>
				<position>
					<lon>-110.5037</lon>
					<lat>38.7062</lat>
					<speedMph>503</speedMph>
					<altitudeFt>37000</altitudeFt>
					<source>derived</source>
					<date>2015-04-29T10:02:18.000Z</date>
				</position>
				<position>
					<lon>-110.6307</lon>
					<lat>38.6361</lat>
					<speedMph>507</speedMph>
					<altitudeFt>37000</altitudeFt>
					<source>derived</source>
					<date>2015-04-29T10:01:18.000Z</date>
				</position>
				<position>
					<lon>-110.7572</lon>
					<lat>38.5661</lat>
					<speedMph>513</speedMph>
					<altitudeFt>37000</altitudeFt>
					<source>derived</source>
					<date>2015-04-29T10:00:18.000Z</date>
				</position>
				<position>
					<lon>-110.8859</lon>
					<lat>38.495</lat>
					<speedMph>510</speedMph>
					<altitudeFt>37000</altitudeFt>
					<source>derived</source>
					<date>2015-04-29T09:59:18.000Z</date>
				</position>
				<position>
					<lon>-111.0139</lon>
					<lat>38.4238</lat>
					<speedMph>510</speedMph>
					<altitudeFt>37000</altitudeFt>
					<source>derived</source>
					<date>2015-04-29T09:58:18.000Z</date>
				</position>
				<position>
					<lon>-111.1444</lon>
					<lat>38.3508</lat>
					<speedMph>495</speedMph>
					<altitudeFt>37000</altitudeFt>
					<source>derived</source>
					<date>2015-04-29T09:57:18.000Z</date>
				</position>
				<position>
					<lon>-111.267</lon>
					<lat>38.2818</lat>
					<speedMph>517</speedMph>
					<altitudeFt>37000</altitudeFt>
					<source>derived</source>
					<date>2015-04-29T09:56:18.000Z</date>
				</position>
				<position>
					<lon>-111.3954</lon>
					<lat>38.2093</lat>
					<speedMph>511</speedMph>
					<altitudeFt>37000</altitudeFt>
					<source>derived</source>
					<date>2015-04-29T09:55:18.000Z</date>
				</position>
				<position>
					<lon>-111.5226</lon>
					<lat>38.1374</lat>
					<speedMph>506</speedMph>
					<altitudeFt>37000</altitudeFt>
					<source>derived</source>
					<date>2015-04-29T09:54:18.000Z</date>
				</position>
				<position>
					<lon>-111.6494</lon>
					<lat>38.0655</lat>
					<speedMph>498</speedMph>
					<altitudeFt>37000</altitudeFt>
					<source>derived</source>
					<date>2015-04-29T09:53:18.000Z</date>
				</position>
				<position>
					<lon>-111.7751</lon>
					<lat>37.9945</lat>
					<speedMph>500</speedMph>
					<altitudeFt>37000</altitudeFt>
					<source>derived</source>
					<date>2015-04-29T09:52:18.000Z</date>
				</position>
				<position>
					<lon>-111.8982</lon>
					<lat>37.9225</lat>
					<speedMph>506</speedMph>
					<altitudeFt>37000</altitudeFt>
					<source>derived</source>
					<date>2015-04-29T09:51:18.000Z</date>
				</position>
				<position>
					<lon>-112.0219</lon>
					<lat>37.8503</lat>
					<speedMph>514</speedMph>
					<altitudeFt>37000</altitudeFt>
					<source>derived</source>
					<date>2015-04-29T09:50:18.000Z</date>
				</position>
				<position>
					<lon>-112.1495</lon>
					<lat>37.7779</lat>
					<speedMph>511</speedMph>
					<altitudeFt>37000</altitudeFt>
					<source>derived</source>
					<date>2015-04-29T09:49:18.000Z</date>
				</position>
				<position>
					<lon>-112.2784</lon>
					<lat>37.7082</lat>
					<speedMph>514</speedMph>
					<altitudeFt>37000</altitudeFt>
					<source>derived</source>
					<date>2015-04-29T09:48:18.000Z</date>
				</position>
				<position>
					<lon>-112.4095</lon>
					<lat>37.6408</lat>
					<speedMph>512</speedMph>
					<altitudeFt>37000</altitudeFt>
					<source>derived</source>
					<date>2015-04-29T09:47:18.000Z</date>
				</position>
				<position>
					<lon>-112.5446</lon>
					<lat>37.5787</lat>
					<speedMph>496</speedMph>
					<altitudeFt>37000</altitudeFt>
					<source>derived</source>
					<date>2015-04-29T09:46:18.000Z</date>
				</position>
				<position>
					<lon>-112.6787</lon>
					<lat>37.5171</lat>
					<speedMph>547</speedMph>
					<altitudeFt>37000</altitudeFt>
					<source>derived</source>
					<date>2015-04-29T09:45:18.000Z</date>
				</position>
				<position>
					<lon>-112.8137</lon>
					<lat>37.4548</lat>
					<speedMph>558</speedMph>
					<altitudeFt>37000</altitudeFt>
					<source>derived</source>
					<date>2015-04-29T09:44:18.000Z</date>
				</position>
				<position>
					<lon>-112.9549</lon>
					<lat>37.389</lat>
					<speedMph>532</speedMph>
					<altitudeFt>37000</altitudeFt>
					<source>derived</source>
					<date>2015-04-29T09:43:18.000Z</date>
				</position>
				<position>
					<lon>-113.0991</lon>
					<lat>37.3215</lat>
					<speedMph>482</speedMph>
					<altitudeFt>37000</altitudeFt>
					<source>derived</source>
					<date>2015-04-29T09:42:18.000Z</date>
				</position>
				<position>
					<lon>-113.2329</lon>
					<lat>37.2589</lat>
					<speedMph>465</speedMph>
					<altitudeFt>37000</altitudeFt>
					<source>derived</source>
					<date>2015-04-29T09:41:18.000Z</date>
				</position>
				<position>
					<lon>-113.3501</lon>
					<lat>37.2039</lat>
					<speedMph>503</speedMph>
					<altitudeFt>37000</altitudeFt>
					<source>derived</source>
					<date>2015-04-29T09:40:18.000Z</date>
				</position>
				<position>
					<lon>-113.4791</lon>
					<lat>37.1429</lat>
					<speedMph>512</speedMph>
					<altitudeFt>37000</altitudeFt>
					<source>derived</source>
					<date>2015-04-29T09:39:18.000Z</date>
				</position>
				<position>
					<lon>-113.6123</lon>
					<lat>37.0799</lat>
					<speedMph>504</speedMph>
					<altitudeFt>37000</altitudeFt>
					<source>derived</source>
					<date>2015-04-29T09:38:18.000Z</date>
				</position>
				<position>
					<lon>-113.748</lon>
					<lat>37.0158</lat>
					<speedMph>492</speedMph>
					<altitudeFt>37000</altitudeFt>
					<source>derived</source>
					<date>2015-04-29T09:37:18.000Z</date>
				</position>
				<position>
					<lon>-113.874</lon>
					<lat>36.9566</lat>
					<speedMph>517</speedMph>
					<altitudeFt>37000</altitudeFt>
					<source>derived</source>
					<date>2015-04-29T09:36:18.000Z</date>
				</position>
				<position>
					<lon>-114.0061</lon>
					<lat>36.8935</lat>
					<speedMph>503</speedMph>
					<altitudeFt>37000</altitudeFt>
					<source>derived</source>
					<date>2015-04-29T09:35:18.000Z</date>
				</position>
				<position>
					<lon>-114.1386</lon>
					<lat>36.8296</lat>
					<speedMph>520</speedMph>
					<altitudeFt>37000</altitudeFt>
					<source>derived</source>
					<date>2015-04-29T09:34:18.000Z</date>
				</position>
				<position>
					<lon>-114.2645</lon>
					<lat>36.7586</lat>
					<speedMph>527</speedMph>
					<altitudeFt>37000</altitudeFt>
					<source>derived</source>
					<date>2015-04-29T09:33:18.000Z</date>
				</position>
				<position>
					<lon>-114.3864</lon>
					<lat>36.679</lat>
					<speedMph>522</speedMph>
					<altitudeFt>37000</altitudeFt>
					<source>derived</source>
					<date>2015-04-29T09:32:18.000Z</date>
				</position>
				<position>
					<lon>-114.4987</lon>
					<lat>36.5938</lat>
					<speedMph>509</speedMph>
					<altitudeFt>37000</altitudeFt>
					<source>derived</source>
					<date>2015-04-29T09:31:18.000Z</date>
				</position>
				<position>
					<lon>-114.6122</lon>
					<lat>36.5072</lat>
					<speedMph>526</speedMph>
					<altitudeFt>37000</altitudeFt>
					<source>derived</source>
					<date>2015-04-29T09:30:18.000Z</date>
				</position>
				<position>
					<lon>-114.7274</lon>
					<lat>36.4187</lat>
					<speedMph>510</speedMph>
					<altitudeFt>37000</altitudeFt>
					<source>derived</source>
					<date>2015-04-29T09:29:18.000Z</date>
				</position>
				<position>
					<lon>-114.8346</lon>
					<lat>36.3354</lat>
					<speedMph>529</speedMph>
					<altitudeFt>37000</altitudeFt>
					<source>derived</source>
					<date>2015-04-29T09:28:18.000Z</date>
				</position>
				<position>
					<lon>-114.9479</lon>
					<lat>36.2467</lat>
					<speedMph>505</speedMph>
					<altitudeFt>37000</altitudeFt>
					<source>derived</source>
					<date>2015-04-29T09:27:18.000Z</date>
				</position>
				<position>
					<lon>-115.0588</lon>
					<lat>36.1597</lat>
					<speedMph>485</speedMph>
					<altitudeFt>37000</altitudeFt>
					<source>derived</source>
					<date>2015-04-29T09:26:18.000Z</date>
				</position>
				<position>
					<lon>-115.1615</lon>
					<lat>36.0792</lat>
					<speedMph>484</speedMph>
					<altitudeFt>37000</altitudeFt>
					<source>derived</source>
					<date>2015-04-29T09:25:18.000Z</date>
				</position>
				<position>
					<lon>-115.2716</lon>
					<lat>35.9937</lat>
					<speedMph>540</speedMph>
					<altitudeFt>37000</altitudeFt>
					<source>derived</source>
					<date>2015-04-29T09:24:18.000Z</date>
				</position>
				<position>
					<lon>-115.386</lon>
					<lat>35.9049</lat>
					<speedMph>553</speedMph>
					<altitudeFt>37000</altitudeFt>
					<source>derived</source>
					<date>2015-04-29T09:23:18.000Z</date>
				</position>
				<position>
					<lon>-115.4996</lon>
					<lat>35.8163</lat>
					<speedMph>563</speedMph>
					<altitudeFt>37000</altitudeFt>
					<source>derived</source>
					<date>2015-04-29T09:22:18.000Z</date>
				</position>
				<position>
					<lon>-115.6156</lon>
					<lat>35.7255</lat>
					<speedMph>541</speedMph>
					<altitudeFt>37000</altitudeFt>
					<source>derived</source>
					<date>2015-04-29T09:21:18.000Z</date>
				</position>
				<position>
					<lon>-115.7322</lon>
					<lat>35.6345</lat>
					<speedMph>489</speedMph>
					<altitudeFt>37000</altitudeFt>
					<source>derived</source>
					<date>2015-04-29T09:20:18.000Z</date>
				</position>
				<position>
					<lon>-115.8492</lon>
					<lat>35.5427</lat>
					<speedMph>440</speedMph>
					<altitudeFt>37000</altitudeFt>
					<source>derived</source>
					<date>2015-04-29T09:19:18.000Z</date>
				</position>
				<position>
					<lon>-115.9383</lon>
					<lat>35.4723</lat>
					<speedMph>521</speedMph>
					<altitudeFt>37000</altitudeFt>
					<source>derived</source>
					<date>2015-04-29T09:18:18.000Z</date>
				</position>
				<position>
					<lon>-116.0489</lon>
					<lat>35.3851</lat>
					<speedMph>522</speedMph>
					<altitudeFt>37000</altitudeFt>
					<source>derived</source>
					<date>2015-04-29T09:17:18.000Z</date>
				</position>
				<position>
					<lon>-116.1592</lon>
					<lat>35.2974</lat>
					<speedMph>520</speedMph>
					<altitudeFt>37000</altitudeFt>
					<source>derived</source>
					<date>2015-04-29T09:16:18.000Z</date>
				</position>
				<position>
					<lon>-116.269</lon>
					<lat>35.2091</lat>
					<speedMph>519</speedMph>
					<altitudeFt>37000</altitudeFt>
					<source>derived</source>
					<date>2015-04-29T09:15:18.000Z</date>
				</position>
				<position>
					<lon>-116.379</lon>
					<lat>35.1214</lat>
					<speedMph>515</speedMph>
					<altitudeFt>37000</altitudeFt>
					<source>derived</source>
					<date>2015-04-29T09:14:18.000Z</date>
				</position>
				<position>
					<lon>-116.4882</lon>
					<lat>35.0346</lat>
					<speedMph>528</speedMph>
					<altitudeFt>37000</altitudeFt>
					<source>derived</source>
					<date>2015-04-29T09:13:18.000Z</date>
				</position>
				<position>
					<lon>-116.5995</lon>
					<lat>34.9486</lat>
					<speedMph>501</speedMph>
					<altitudeFt>36998</altitudeFt>
					<source>derived</source>
					<date>2015-04-29T09:12:18.000Z</date>
				</position>
				<position>
					<lon>-116.7158</lon>
					<lat>34.8639</lat>
					<speedMph>551</speedMph>
					<altitudeFt>37089</altitudeFt>
					<source>derived</source>
					<date>2015-04-29T09:11:18.000Z</date>
				</position>
				<position>
					<lon>-116.8362</lon>
					<lat>34.7772</lat>
					<speedMph>587</speedMph>
					<altitudeFt>37172</altitudeFt>
					<source>derived</source>
					<date>2015-04-29T09:10:18.000Z</date>
				</position>
				<position>
					<lon>-116.9582</lon>
					<lat>34.6891</lat>
					<speedMph>570</speedMph>
					<altitudeFt>37143</altitudeFt>
					<source>derived</source>
					<date>2015-04-29T09:09:18.000Z</date>
				</position>
				<position>
					<lon>-117.0768</lon>
					<lat>34.6032</lat>
					<speedMph>531</speedMph>
					<altitudeFt>36874</altitudeFt>
					<source>derived</source>
					<date>2015-04-29T09:08:18.000Z</date>
				</position>
				<position>
					<lon>-117.2049</lon>
					<lat>34.51</lat>
					<speedMph>471</speedMph>
					<altitudeFt>36242</altitudeFt>
					<source>derived</source>
					<date>2015-04-29T09:07:18.000Z</date>
				</position>
				<position>
					<lon>-117.3056</lon>
					<lat>34.4355</lat>
					<speedMph>502</speedMph>
					<altitudeFt>34889</altitudeFt>
					<source>derived</source>
					<date>2015-04-29T09:06:18.000Z</date>
				</position>
				<position>
					<lon>-117.4184</lon>
					<lat>34.3568</lat>
					<speedMph>569</speedMph>
					<altitudeFt>33192</altitudeFt>
					<source>derived</source>
					<date>2015-04-29T09:05:18.000Z</date>
				</position>
				<position>
					<lon>-117.5403</lon>
					<lat>34.2677</lat>
					<speedMph>575</speedMph>
					<altitudeFt>31400</altitudeFt>
					<source>derived</source>
					<date>2015-04-29T09:04:18.000Z</date>
				</position>
				<position>
					<lon>-117.6595</lon>
					<lat>34.1773</lat>
					<speedMph>567</speedMph>
					<altitudeFt>29492</altitudeFt>
					<source>derived</source>
					<date>2015-04-29T09:03:18.000Z</date>
				</position>
				<position>
					<lon>-117.7784</lon>
					<lat>34.082</lat>
					<speedMph>519</speedMph>
					<altitudeFt>28175</altitudeFt>
					<source>derived</source>
					<date>2015-04-29T09:02:18.000Z</date>
				</position>
				<position>
					<lon>-117.8698</lon>
					<lat>33.9911</lat>
					<speedMph>560</speedMph>
					<altitudeFt>26608</altitudeFt>
					<source>derived</source>
					<date>2015-04-29T09:01:18.000Z</date>
				</position>
				<position>
					<lon>-117.9556</lon>
					<lat>33.8857</lat>
					<speedMph>539</speedMph>
					<altitudeFt>24798</altitudeFt>
					<source>derived</source>
					<date>2015-04-29T09:00:18.000Z</date>
				</position>
				<position>
					<lon>-118.0349</lon>
					<lat>33.7889</lat>
					<speedMph>521</speedMph>
					<altitudeFt>25143</altitudeFt>
					<source>derived</source>
					<date>2015-04-29T08:59:18.000Z</date>
				</position>
				<position>
					<lon>-118.0992</lon>
					<lat>33.707</lat>
					<speedMph>577</speedMph>
					<altitudeFt>20456</altitudeFt>
					<source>derived</source>
					<date>2015-04-29T08:58:18.000Z</date>
				</position>
				<position>
					<lon>-118.2307</lon>
					<lat>33.6604</lat>
					<speedMph>493</speedMph>
					<altitudeFt>17330</altitudeFt>
					<source>derived</source>
					<date>2015-04-29T08:57:18.000Z</date>
				</position>
				<position>
					<lon>-118.344</lon>
					<lat>33.6508</lat>
					<speedMph>447</speedMph>
					<altitudeFt>14697</altitudeFt>
					<source>derived</source>
					<date>2015-04-29T08:56:18.000Z</date>
				</position>
				<position>
					<lon>-118.4531</lon>
					<lat>33.6774</lat>
					<speedMph>380</speedMph>
					<altitudeFt>11976</altitudeFt>
					<source>derived</source>
					<date>2015-04-29T08:55:18.000Z</date>
				</position>
				<position>
					<lon>-118.5023</lon>
					<lat>33.7459</lat>
					<speedMph>349</speedMph>
					<altitudeFt>9598</altitudeFt>
					<source>derived</source>
					<date>2015-04-29T08:54:18.000Z</date>
				</position>
				<position>
					<lon>-118.5039</lon>
					<lat>33.8163</lat>
					<speedMph>328</speedMph>
					<altitudeFt>6801</altitudeFt>
					<source>derived</source>
					<date>2015-04-29T08:53:18.000Z</date>
				</position>
				<position>
					<lon>-118.4792</lon>
					<lat>33.8818</lat>
					<speedMph>268</speedMph>
					<altitudeFt>3601</altitudeFt>
					<source>derived</source>
					<date>2015-04-29T08:52:18.000Z</date>
				</position>
				<position>
					<lon>-118.4366</lon>
					<lat>33.9242</lat>
					<speedMph>185</speedMph>
					<altitudeFt>1853</altitudeFt>
					<source>derived</source>
					<date>2015-04-29T08:51:18.000Z</date>
				</position>
				<position>
					<lon>-118.3984</lon>
					<lat>33.9379</lat>
					<speedMph>96</speedMph>
					<source>derived</source>
					<date>2015-04-29T08:50:18.000Z</date>
				</position>
				<position>
					<lon>-118.4</lon>
					<lat>33.9333</lat>
					<speedMph>168</speedMph>
					<altitudeFt>125</altitudeFt>
					<source>derived</source>
					<date>2015-04-29T08:50:00.000Z</date>
				</position>
				<position>
					<lon>-118.4</lon>
					<lat>33.9333</lat>
					<speedMph>168</speedMph>
					<altitudeFt>125</altitudeFt>
					<source>derived</source>
					<date>2015-04-29T08:50:00.000Z</date>
				</position>
				<position>
					<lon>-118.381</lon>
					<lat>33.9404</lat>
					<speedMph>14</speedMph>
					<source>derived</source>
					<date>2015-04-29T08:49:18.000Z</date>
				</position>
				<position>
					<lon>-118.385</lon>
					<lat>33.9401</lat>
					<speedMph>14</speedMph>
					<source>derived</source>
					<date>2015-04-29T08:48:18.000Z</date>
				</position>
				<position>
					<lon>-118.4</lon>
					<lat>33.9333</lat>
					<speedMph>168</speedMph>
					<altitudeFt>125</altitudeFt>
					<source>derived</source>
					<date>2015-04-29T08:48:00.000Z</date>
				</position>
				<position>
					<lon>-118.4</lon>
					<lat>33.9333</lat>
					<speedMph>168</speedMph>
					<altitudeFt>125</altitudeFt>
					<source>derived</source>
					<date>2015-04-29T08:48:00.000Z</date>
				</position>
				<position>
					<lon>-118.4</lon>
					<lat>33.9333</lat>
					<speedMph>168</speedMph>
					<altitudeFt>125</altitudeFt>
					<source>derived</source>
					<date>2015-04-29T08:48:00.000Z</date>
				</position>
				<position>
					<lon>-118.4</lon>
					<lat>33.9333</lat>
					<speedMph>168</speedMph>
					<altitudeFt>125</altitudeFt>
					<source>derived</source>
					<date>2015-04-29T08:48:00.000Z</date>
				</position>
				<position>
					<lon>-117.9672</lon>
					<lat>33.8662</lat>
					<speedMph>318</speedMph>
					<altitudeFt>12723</altitudeFt>
					<source>derived</source>
					<date>2015-04-29T08:45:18.000Z</date>
				</position>
				<position>
					<lon>-118.0207</lon>
					<lat>33.8057</lat>
					<speedMph>305</speedMph>
					<altitudeFt>11611</altitudeFt>
					<source>derived</source>
					<date>2015-04-29T08:44:18.000Z</date>
				</position>
				<position>
					<lon>-118.406</lon>
					<lat>33.94</lat>
					<speedMph>0</speedMph>
					<source>derived</source>
					<date>2015-04-29T08:42:02.000Z</date>
				</position>
				<position>
					<lon>-118.406</lon>
					<lat>33.94</lat>
					<speedMph>0</speedMph>
					<source>derived</source>
					<date>2015-04-29T08:42:02.000Z</date>
				</position>
			</positions>
		</flightTrack>
	</flightTracks>
	<request>
		<url>https://api.flightstats.com/flex/flightstatus/rest/v2/xml/flight/tracks/AA/1113/dep/2015/4/29</url>
		<airline>
			<requestedCode>AA</requestedCode>
			<fsCode>AA</fsCode>
		</airline>
		<flight>
			<requested>1113</requested>
			<interpreted>1113</interpreted>
		</flight>
		<date>
			<year>2015</year>
			<month>4</month>
			<day>29</day>
			<interpreted>2015-04-29</interpreted>
		</date>
		<hourOfDay>
			<interpreted>0</interpreted>
		</hourOfDay>
		<numHours>
			<interpreted>24</interpreted>
		</numHours>
		<utc>
			<interpreted>false</interpreted>
		</utc>
		<airport/>
		<includeFlightPlan>
			<interpreted>false</interpreted>
		</includeFlightPlan>
		<maxPositions/>
		<maxPositionAgeMinutes/>
		<codeType/>
		<extendedOptions/>
	</request>
</response>