{
  "request" : {
    "airlineCode" : {
      "requestedCode" : "AA" ,
      "fsCode" : "AA"
    } ,
    "flightNumber" : {
      "requested" : "1113" ,
      "interpreted" : "1113"
    } ,
    "departureAirport" : {
    } ,
    "codeType" : {
    } ,
    "url" : "https://api.flightstats.com/flex/ratings/rest/v1/json/flight/AA/1113"
  } ,
  "ratings" : [
    {
      "departureAirportFsCode" : "LAX" ,
      "arrivalAirportFsCode" : "ORD" ,
      "airlineFsCode" : "AA" ,
      "flightNumber" : "1113" ,
      "codeshares" : 0 ,
      "directs" : 0 ,
      "observations" : 18 ,
      "ontime" : 16 ,
      "late15" : 1 ,
      "late30" : 1 ,
      "late45" : 0 ,
      "cancelled" : 0 ,
      "diverted" : 0 ,
      "ontimePercent" : 0.8888889 ,
      "delayObservations" : 2 ,
      "delayMean" : 32 ,
      "delayStandardDeviation" : 4.2426405 ,
      "delayMin" : 29 ,
      "delayMax" : 35 ,
      "allOntimeCumulative" : 0.9192 ,
      "allOntimeStars" : 4.5999999 ,
      "allDelayCumulative" : 0.42070001 ,
      "allDelayStars" : 2.0999999 ,
      "allStars" : 3.3499999
    } , {
      "departureAirportFsCode" : "PIT" ,
      "arrivalAirportFsCode" : "DFW" ,
      "airlineFsCode" : "AA" ,
      "flightNumber" : "1113" ,
      "codeshares" : 0 ,
      "directs" : 0 ,
      "observations" : 42 ,
      "ontime" : 29 ,
      "late15" : 1 ,
      "late30" : 4 ,
      "late45" : 5 ,
      "cancelled" : 3 ,
      "diverted" : 0 ,
      "ontimePercent" : 0.69047618 ,
      "delayObservations" : 14 ,
      "delayMean" : 93 ,
      "delayStandardDeviation" : 188.57184 ,
      "delayMin" : 2 ,
      "delayMax" : 738 ,
      "allOntimeCumulative" : 0.1587 ,
      "allOntimeStars" : 0.80000001 ,
      "allDelayCumulative" : 0 ,
      "allDelayStars" : 0 ,
      "allStars" : 0.40000001
    }
  ] ,
  "appendix" : {
    "airlines" : [
      {
        "fs" : "AA" ,
        "iata" : "AA" ,
        "icao" : "AAL" ,
        "name" : "American Airlines" ,
        "phoneNumber" : "1-800-433-7300" ,
        "active" : true
      }
    ] ,
    "airports" : [
      {
        "fs" : "ORD" ,
        "iata" : "ORD" ,
        "icao" : "KORD" ,
        "faa" : "ORD" ,
        "name" : "O'Hare International Airport" ,
        "street1" : "10000 West O'Hare" ,
        "city" : "Chicago" ,
        "cityCode" : "CHI" ,
        "stateCode" : "IL" ,
        "postalCode" : "60666" ,
        "countryCode" : "US" ,
        "countryName" : "United States" ,
        "regionName" : "North America" ,
        "timeZoneRegionName" : "America/Chicago" ,
        "weatherZone" : "ILZ014" ,
        "localTime" : "2015-04-28T01:28:47.346" ,
        "utcOffsetHours" : -5 ,
        "latitude" : 41.976912 ,
        "longitude" : -87.904876 ,
        "elevationFeet" : 668 ,
        "classification" : 1 ,
        "active" : true
      } , {
        "fs" : "LAX" ,
        "iata" : "LAX" ,
        "icao" : "KLAX" ,
        "faa" : "LAX" ,
        "name" : "Los Angeles International Airport" ,
        "street1" : "One World Way" ,
        "street2" : "" ,
        "city" : "Los Angeles" ,
        "cityCode" : "LAX" ,
        "stateCode" : "CA" ,
        "postalCode" : "90045-5803" ,
        "countryCode" : "US" ,
        "countryName" : "United States" ,
        "regionName" : "North America" ,
        "timeZoneRegionName" : "America/Los_Angeles" ,
        "weatherZone" : "CAZ041" ,
        "localTime" : "2015-04-27T23:28:47.346" ,
        "utcOffsetHours" : -7 ,
        "latitude" : 33.943399 ,
        "longitude" : -118.408279 ,
        "elevationFeet" : 126 ,
        "classification" : 1 ,
        "active" : true
      } , {
        "fs" : "DFW" ,
        "iata" : "DFW" ,
        "icao" : "KDFW" ,
        "faa" : "DFW" ,
        "name" : "Dallas/Fort Worth International Airport" ,
        "street1" : "3200 East Airfield Drive" ,
        "city" : "Dallas" ,
        "cityCode" : "DFW" ,
        "stateCode" : "TX" ,
        "postalCode" : "75261" ,
        "countryCode" : "US" ,
        "countryName" : "United States" ,
        "regionName" : "North America" ,
        "timeZoneRegionName" : "America/Chicago" ,
        "weatherZone" : "TXZ119" ,
        "localTime" : "2015-04-28T01:28:47.346" ,
        "utcOffsetHours" : -5 ,
        "latitude" : 32.897462 ,
        "longitude" : -97.036128 ,
        "elevationFeet" : 603 ,
        "classification" : 1 ,
        "active" : true
      } , {
        "fs" : "PIT" ,
        "iata" : "PIT" ,
        "icao" : "KPIT" ,
        "faa" : "PIT" ,
        "name" : "Pittsburgh International Airport" ,
        "street1" : "1000 Airport Boulevard" ,
        "street2" : "" ,
        "city" : "Pittsburgh" ,
        "cityCode" : "PIT" ,
        "stateCode" : "PA" ,
        "postalCode" : "15231-0370" ,
        "countryCode" : "US" ,
        "countryName" : "United States" ,
        "regionName" : "North America" ,
        "timeZoneRegionName" : "America/New_York" ,
        "weatherZone" : "PAZ021" ,
        "localTime" : "2015-04-28T02:28:47.346" ,
        "utcOffsetHours" : -4 ,
        "latitude" : 40.49585 ,
        "longitude" : -80.25657 ,
        "elevationFeet" : 1204 ,
        "classification" : 2 ,
        "active" : true
      }
    ]
  }
}