{
  "request" : {
    "region" : {
      "requested" : "ASIA" ,
      "interpreted" : "ASIA"
    } ,
    "url" : "https://api.flightstats.com/flex/delayindex/rest/v1/json/region/ASIA" ,
    "classification" : {
    } ,
    "score" : {
    }
  } ,
  "delayIndexes" : [
    {
      "airport" : {
        "fs" : "KGT" ,
        "iata" : "KGT" ,
        "icao" : "ZUKD" ,
        "name" : "Kangding Airport" ,
        "city" : "Kangding" ,
        "countryCode" : "CN" ,
        "countryName" : "China" ,
        "regionName" : "Asia" ,
        "timeZoneRegionName" : "Asia/Shanghai" ,
        "localTime" : "2015-04-28T13:38:26.143" ,
        "utcOffsetHours" : 8 ,
        "latitude" : 30.13176 ,
        "longitude" : 101.747534 ,
        "elevationFeet" : 13916 ,
        "classification" : 4 ,
        "active" : true ,
        "weatherUrl" : "https://api.flightstats.com/flex/weather/rest/v1/json/all/KGT?codeType=fs"
      } ,
      "rawScore" : 0 ,
      "normalizedScore" : 0 ,
      "dateStart" : "2015-04-28T04:30:00.000Z" ,
      "dateEnd" : "2015-04-28T07:30:00.000Z" ,
      "flights" : 0 ,
      "observations" : 0 ,
      "canceled" : 0 ,
      "onTime" : 0 ,
      "delayed15" : 0 ,
      "delayed30" : 0 ,
      "delayed45" : 0 ,
      "delta" : 0
    } , {
      "airport" : {
        "fs" : "RHP" ,
        "iata" : "RHP" ,
        "icao" : "VNRC" ,
        "name" : "Ramechhap Airport" ,
        "city" : "Ramechhap" ,
        "cityCode" : "RHP" ,
        "countryCode" : "NP" ,
        "countryName" : "Nepal" ,
        "regionName" : "Asia" ,
        "timeZoneRegionName" : "Asia/Kathmandu" ,
        "localTime" : "2015-04-28T11:23:26.143" ,
        "utcOffsetHours" : 5.75 ,
        "latitude" : 27.333333 ,
        "longitude" : 86.083333 ,
        "elevationFeet" : 1555 ,
        "classification" : 4 ,
        "active" : true ,
        "weatherUrl" : "https://api.flightstats.com/flex/weather/rest/v1/json/all/RHP?codeType=fs"
      } ,
      "rawScore" : 0 ,
      "normalizedScore" : 0 ,
      "dateStart" : "2015-04-28T04:30:00.000Z" ,
      "dateEnd" : "2015-04-28T07:30:00.000Z" ,
      "flights" : 0 ,
      "observations" : 0 ,
      "canceled" : 0 ,
      "onTime" : 0 ,
      "delayed15" : 0 ,
      "delayed30" : 0 ,
      "delayed45" : 0 ,
      "delta" : 0
    }
  ]
}