<?xml version="1.0" encoding="UTF-8" standalone="yes"?>
<response>
	<scheduledFlights>
		<scheduledFlight>
			<carrierFsCode>AA</carrierFsCode>
			<flightNumber>1113</flightNumber>
			<departureAirportFsCode>LAX</departureAirportFsCode>
			<arrivalAirportFsCode>ORD</arrivalAirportFsCode>
			<stops>0</stops>
			<departureTerminal>4</departureTerminal>
			<arrivalTerminal>3</arrivalTerminal>
			<departureTime>2015-05-02T01:30:00.000</departureTime>
			<arrivalTime>2015-05-02T07:38:00.000</arrivalTime>
			<flightEquipmentIataCode>737</flightEquipmentIataCode>
			<isCodeshare>false</isCodeshare>
			<isWetlease>false</isWetlease>
			<serviceType>J</serviceType>
			<serviceClasses>
				<serviceClass>F</serviceClass>
				<serviceClass>Y</serviceClass>
			</serviceClasses>
			<trafficRestrictions/>
			<codeshares>
				<codeshare>
					<carrierFsCode>MH</carrierFsCode>
					<flightNumber>9348</flightNumber>
					<serviceType>J</serviceType>
					<serviceClasses>
						<serviceClass>F</serviceClass>
						<serviceClass>J</serviceClass>
						<serviceClass>Y</serviceClass>
					</serviceClasses>
					<trafficRestrictions>
						<trafficRestriction>Q</trafficRestriction>
					</trafficRestrictions>
					<referenceCode>1921822</referenceCode>
				</codeshare>
				<codeshare>
					<carrierFsCode>US</carrierFsCode>
					<flightNumber>1113</flightNumber>
					<serviceType>J</serviceType>
					<serviceClasses>
						<serviceClass>F</serviceClass>
						<serviceClass>Y</serviceClass>
					</serviceClasses>
					<trafficRestrictions/>
					<referenceCode>1923015</referenceCode>
				</codeshare>
				<codeshare>
					<carrierFsCode>EY</carrierFsCode>
					<flightNumber>3105</flightNumber>
					<serviceType>J</serviceType>
					<serviceClasses>
						<serviceClass>R</serviceClass>
						<serviceClass>F</serviceClass>
						<serviceClass>J</serviceClass>
						<serviceClass>Y</serviceClass>
					</serviceClasses>
					<trafficRestrictions>
						<trafficRestriction>G</trafficRestriction>
					</trafficRestrictions>
					<referenceCode>1923224</referenceCode>
				</codeshare>
				<codeshare>
					<carrierFsCode>AS</carrierFsCode>
					<flightNumber>1359</flightNumber>
					<serviceType>J</serviceType>
					<serviceClasses>
						<serviceClass>R</serviceClass>
						<serviceClass>F</serviceClass>
						<serviceClass>Y</serviceClass>
					</serviceClasses>
					<trafficRestrictions/>
					<referenceCode>10749298</referenceCode>
				</codeshare>
			</codeshares>
			<referenceCode>1342-1920750--</referenceCode>
		</scheduledFlight>
	</scheduledFlights>
	<appendix>
		<airlines>
			<airline>
				<fs>AA</fs>
				<iata>AA</iata>
				<icao>AAL</icao>
				<name>American Airlines</name>
				<phoneNumber>1-800-433-7300</phoneNumber>
				<active>true</active>
			</airline>
			<airline>
				<fs>AS</fs>
				<iata>AS</iata>
				<icao>ASA</icao>
				<name>Alaska Airlines</name>
				<phoneNumber>1-800-252-7522</phoneNumber>
				<active>true</active>
			</airline>
			<airline>
				<fs>EY</fs>
				<iata>EY</iata>
				<icao>ETD</icao>
				<name>Etihad Airways</name>
				<active>true</active>
			</airline>
			<airline>
				<fs>MH</fs>
				<iata>MH</iata>
				<icao>MAS</icao>
				<name>Malaysia Airlines</name>
				<active>true</active>
			</airline>
			<airline>
				<fs>US</fs>
				<iata>US</iata>
				<icao>AWE</icao>
				<name>US Airways</name>
				<phoneNumber>1-800-943-5436</phoneNumber>
				<active>true</active>
			</airline>
		</airlines>
		<airports>
			<airport>
				<fs>ORD</fs>
				<iata>ORD</iata>
				<icao>KORD</icao>
				<faa>ORD</faa>
				<name>O'Hare International Airport</name>
				<street1>10000 West O'Hare</street1>
				<city>Chicago</city>
				<cityCode>CHI</cityCode>
				<stateCode>IL</stateCode>
				<postalCode>60666</postalCode>
				<countryCode>US</countryCode>
				<countryName>United States</countryName>
				<regionName>North America</regionName>
				<timeZoneRegionName>America/Chicago</timeZoneRegionName>
				<weatherZone>ILZ014</weatherZone>
				<localTime>2015-04-28T03:47:28.139</localTime>
				<utcOffsetHours>-5.0</utcOffsetHours>
				<latitude>41.976912</latitude>
				<longitude>-87.904876</longitude>
				<elevationFeet>668</elevationFeet>
				<classification>1</classification>
				<active>true</active>
			</airport>
			<airport>
				<fs>LAX</fs>
				<iata>LAX</iata>
				<icao>KLAX</icao>
				<faa>LAX</faa>
				<name>Los Angeles International Airport</name>
				<street1>One World Way</street1>
				<street2/>
				<city>Los Angeles</city>
				<cityCode>LAX</cityCode>
				<stateCode>CA</stateCode>
				<postalCode>90045-5803</postalCode>
				<countryCode>US</countryCode>
				<countryName>United States</countryName>
				<regionName>North America</regionName>
				<timeZoneRegionName>America/Los_Angeles</timeZoneRegionName>
				<weatherZone>CAZ041</weatherZone>
				<localTime>2015-04-28T01:47:28.139</localTime>
				<utcOffsetHours>-7.0</utcOffsetHours>
				<latitude>33.943399</latitude>
				<longitude>-118.408279</longitude>
				<elevationFeet>126</elevationFeet>
				<classification>1</classification>
				<active>true</active>
			</airport>
		</airports>
		<equipments>
			<equipment>
				<iata>737</iata>
				<name>Boeing 737 Passenger</name>
				<turboProp>false</turboProp>
				<jet>true</jet>
				<widebody>false</widebody>
				<regional>false</regional>
			</equipment>
		</equipments>
	</appendix>
	<request>
		<url>https://api.flightstats.com/flex/schedules/rest/v1/xml/flight/AA/1113/departing/2015/5/2</url>
		<carrier>
			<requestedCode>AA</requestedCode>
			<fsCode>AA</fsCode>
		</carrier>
		<codeType/>
		<flightNumber>
			<requested>1113</requested>
			<interpreted>1113</interpreted>
		</flightNumber>
		<departing>true</departing>
		<date>
			<year>2015</year>
			<month>5</month>
			<day>2</day>
			<interpreted>2015-05-02</interpreted>
		</date>
	</request>
</response>