<?xml version="1.0" encoding="UTF-8" standalone="yes"?>
<response>
	<appendix>
		<airlines>
			<airline>
				<fs>RS</fs>
				<iata>RS</iata>
				<icao>SKV</icao>
				<name>Sky Regional</name>
				<active>true</active>
			</airline>
			<airline>
				<fs>JL</fs>
				<iata>JL</iata>
				<icao>JAL</icao>
				<name>JAL</name>
				<active>true</active>
			</airline>
			<airline>
				<fs>S5</fs>
				<iata>S5</iata>
				<icao>TCF</icao>
				<name>Shuttle America</name>
				<active>true</active>
			</airline>
			<airline>
				<fs>DL</fs>
				<iata>DL</iata>
				<icao>DAL</icao>
				<name>Delta Air Lines</name>
				<phoneNumber>1-800-221-1212</phoneNumber>
				<active>true</active>
			</airline>
			<airline>
				<fs>UA</fs>
				<iata>UA</iata>
				<icao>UAL</icao>
				<name>United Airlines</name>
				<phoneNumber>1-800-864-8331</phoneNumber>
				<active>true</active>
			</airline>
			<airline>
				<fs>G3</fs>
				<iata>G3</iata>
				<icao>GLO</icao>
				<name>Gol</name>
				<active>true</active>
			</airline>
			<airline>
				<fs>LX</fs>
				<iata>LX</iata>
				<icao>SWR</icao>
				<name>SWISS</name>
				<active>true</active>
			</airline>
			<airline>
				<fs>G7</fs>
				<iata>G7</iata>
				<icao>GJS</icao>
				<name>GoJet Airlines</name>
				<active>true</active>
			</airline>
			<airline>
				<fs>SK</fs>
				<iata>SK</iata>
				<icao>SAS</icao>
				<name>SAS</name>
				<active>true</active>
			</airline>
			<airline>
				<fs>IB</fs>
				<iata>IB</iata>
				<icao>IBE</icao>
				<name>Iberia</name>
				<active>true</active>
			</airline>
			<airline>
				<fs>US</fs>
				<iata>US</iata>
				<icao>AWE</icao>
				<name>US Airways</name>
				<phoneNumber>1-800-943-5436</phoneNumber>
				<active>true</active>
			</airline>
			<airline>
				<fs>SQ</fs>
				<iata>SQ</iata>
				<icao>SIA</icao>
				<name>Singapore Airlines</name>
				<active>true</active>
			</airline>
			<airline>
				<fs>YX</fs>
				<iata>YX</iata>
				<icao>RPA</icao>
				<name>Republic Airlines</name>
				<active>true</active>
			</airline>
			<airline>
				<fs>AA</fs>
				<iata>AA</iata>
				<icao>AAL</icao>
				<name>American Airlines</name>
				<phoneNumber>1-800-433-7300</phoneNumber>
				<active>true</active>
			</airline>
			<airline>
				<fs>OO</fs>
				<iata>OO</iata>
				<icao>SKW</icao>
				<name>SkyWest Airlines</name>
				<active>true</active>
			</airline>
			<airline>
				<fs>KL</fs>
				<iata>KL</iata>
				<icao>KLM</icao>
				<name>KLM</name>
				<active>true</active>
			</airline>
			<airline>
				<fs>AC</fs>
				<iata>AC</iata>
				<icao>ACA</icao>
				<name>Air Canada</name>
				<phoneNumber>1-800-247-2262</phoneNumber>
				<active>true</active>
			</airline>
			<airline>
				<fs>MQ</fs>
				<iata>MQ</iata>
				<icao>ENY</icao>
				<name>Envoy Air</name>
				<active>true</active>
			</airline>
			<airline>
				<fs>EI</fs>
				<iata>EI</iata>
				<icao>EIN</icao>
				<name>Aer Lingus</name>
				<phoneNumber>1-800-IRISHAIR</phoneNumber>
				<active>true</active>
			</airline>
			<airline>
				<fs>GEC</fs>
				<icao>GEC</icao>
				<name>Lufthansa Cargo </name>
				<active>true</active>
			</airline>
			<airline>
				<fs>CM</fs>
				<iata>CM</iata>
				<icao>CMP</icao>
				<name>Copa Airlines</name>
				<active>true</active>
			</airline>
			<airline>
				<fs>OZ</fs>
				<iata>OZ</iata>
				<icao>AAR</icao>
				<name>Asiana Airlines</name>
				<active>true</active>
			</airline>
			<airline>
				<fs>9E</fs>
				<iata>9E</iata>
				<icao>FLG</icao>
				<name>Endeavor Air</name>
				<active>true</active>
			</airline>
			<airline>
				<fs>EV</fs>
				<iata>EV</iata>
				<icao>ASQ</icao>
				<name>ExpressJet</name>
				<active>true</active>
			</airline>
			<airline>
				<fs>AS</fs>
				<iata>AS</iata>
				<icao>ASA</icao>
				<name>Alaska Airlines</name>
				<phoneNumber>1-800-252-7522</phoneNumber>
				<active>true</active>
			</airline>
			<airline>
				<fs>3E</fs>
				<iata>3E</iata>
				<icao>WBR</icao>
				<name>Air Choice One</name>
				<active>true</active>
			</airline>
			<airline>
				<fs>TG</fs>
				<iata>TG</iata>
				<icao>THA</icao>
				<name>Thai Airways International</name>
				<active>true</active>
			</airline>
			<airline>
				<fs>EY</fs>
				<iata>EY</iata>
				<icao>ETD</icao>
				<name>Etihad Airways</name>
				<active>true</active>
			</airline>
			<airline>
				<fs>AV</fs>
				<iata>AV</iata>
				<icao>AVA</icao>
				<name>AVIANCA</name>
				<active>true</active>
			</airline>
			<airline>
				<fs>NH</fs>
				<iata>NH</iata>
				<icao>ANA</icao>
				<name>ANA</name>
				<phoneNumber>1-800-235-9262</phoneNumber>
				<active>true</active>
			</airline>
			<airline>
				<fs>LH</fs>
				<iata>LH</iata>
				<icao>DLH</icao>
				<name>Lufthansa</name>
				<active>true</active>
			</airline>
			<airline>
				<fs>NK</fs>
				<iata>NK</iata>
				<icao>NKS</icao>
				<name>Spirit Airlines</name>
				<active>true</active>
			</airline>
			<airline>
				<fs>VS</fs>
				<iata>VS</iata>
				<icao>VIR</icao>
				<name>Virgin Atlantic</name>
				<active>true</active>
			</airline>
			<airline>
				<fs>BA</fs>
				<iata>BA</iata>
				<icao>BAW</icao>
				<name>British Airways</name>
				<phoneNumber>1-800-AIRWAYS</phoneNumber>
				<active>true</active>
			</airline>
		</airlines>
		<airports>
			<airport>
				<fs>JAX</fs>
				<iata>JAX</iata>
				<icao>KJAX</icao>
				<faa>JAX</faa>
				<name>Jacksonville International Airport</name>
				<street1>2400 Yankee Clipper Drive</street1>
				<city>Jacksonville</city>
				<cityCode>JAX</cityCode>
				<stateCode>FL</stateCode>
				<postalCode>32218</postalCode>
				<countryCode>US</countryCode>
				<countryName>United States</countryName>
				<regionName>North America</regionName>
				<timeZoneRegionName>America/New_York</timeZoneRegionName>
				<weatherZone>FLZ025</weatherZone>
				<localTime>2015-04-29T08:03:53.502</localTime>
				<utcOffsetHours>-4.0</utcOffsetHours>
				<latitude>30.491254</latitude>
				<longitude>-81.683053</longitude>
				<elevationFeet>19</elevationFeet>
				<classification>2</classification>
				<active>true</active>
				<delayIndexUrl>https://api.flightstats.com/flex/delayindex/rest/v1/json/airports/JAX?codeType=fs</delayIndexUrl>
				<weatherUrl>https://api.flightstats.com/flex/weather/rest/v1/json/all/JAX?codeType=fs</weatherUrl>
			</airport>
			<airport>
				<fs>YOW</fs>
				<iata>YOW</iata>
				<icao>CYOW</icao>
				<name>Ottawa/Macdonald-Cartier International Airport</name>
				<street1>50 Airport Road</street1>
				<city>Ottawa</city>
				<cityCode>YOW</cityCode>
				<stateCode>ON</stateCode>
				<countryCode>CA</countryCode>
				<countryName>Canada</countryName>
				<regionName>North America</regionName>
				<timeZoneRegionName>America/Toronto</timeZoneRegionName>
				<localTime>2015-04-29T08:03:53.504</localTime>
				<utcOffsetHours>-4.0</utcOffsetHours>
				<latitude>45.320833</latitude>
				<longitude>-75.672778</longitude>
				<elevationFeet>374</elevationFeet>
				<classification>2</classification>
				<active>true</active>
				<delayIndexUrl>https://api.flightstats.com/flex/delayindex/rest/v1/json/airports/YOW?codeType=fs</delayIndexUrl>
				<weatherUrl>https://api.flightstats.com/flex/weather/rest/v1/json/all/YOW?codeType=fs</weatherUrl>
			</airport>
			<airport>
				<fs>MCW</fs>
				<iata>MCW</iata>
				<icao>KMCW</icao>
				<faa>MCW</faa>
				<name>Mason City Airport</name>
				<street1/>
				<street2/>
				<city>Mason City</city>
				<cityCode>MCW</cityCode>
				<stateCode>IA</stateCode>
				<postalCode>50401</postalCode>
				<countryCode>US</countryCode>
				<countryName>United States</countryName>
				<regionName>North America</regionName>
				<timeZoneRegionName>America/Chicago</timeZoneRegionName>
				<weatherZone>IAZ017</weatherZone>
				<localTime>2015-04-29T07:03:53.523</localTime>
				<utcOffsetHours>-5.0</utcOffsetHours>
				<latitude>43.156944</latitude>
				<longitude>-93.329444</longitude>
				<elevationFeet>1213</elevationFeet>
				<classification>4</classification>
				<active>true</active>
				<delayIndexUrl>https://api.flightstats.com/flex/delayindex/rest/v1/json/airports/MCW?codeType=fs</delayIndexUrl>
				<weatherUrl>https://api.flightstats.com/flex/weather/rest/v1/json/all/MCW?codeType=fs</weatherUrl>
			</airport>
			<airport>
				<fs>LAX</fs>
				<iata>LAX</iata>
				<icao>KLAX</icao>
				<faa>LAX</faa>
				<name>Los Angeles International Airport</name>
				<street1>One World Way</street1>
				<street2/>
				<city>Los Angeles</city>
				<cityCode>LAX</cityCode>
				<stateCode>CA</stateCode>
				<postalCode>90045-5803</postalCode>
				<countryCode>US</countryCode>
				<countryName>United States</countryName>
				<regionName>North America</regionName>
				<timeZoneRegionName>America/Los_Angeles</timeZoneRegionName>
				<weatherZone>CAZ041</weatherZone>
				<localTime>2015-04-29T05:03:53.556</localTime>
				<utcOffsetHours>-7.0</utcOffsetHours>
				<latitude>33.943399</latitude>
				<longitude>-118.408279</longitude>
				<elevationFeet>126</elevationFeet>
				<classification>1</classification>
				<active>true</active>
				<delayIndexUrl>https://api.flightstats.com/flex/delayindex/rest/v1/json/airports/LAX?codeType=fs</delayIndexUrl>
				<weatherUrl>https://api.flightstats.com/flex/weather/rest/v1/json/all/LAX?codeType=fs</weatherUrl>
			</airport>
		</airports>
		<equipments>
			<equipment>
				<iata>CRJ9</iata>
				<name>??</name>
				<turboProp>false</turboProp>
				<jet>false</jet>
				<widebody>false</widebody>
				<regional>false</regional>
			</equipment>
			<equipment>
				<iata>CRJ7</iata>
				<name>??</name>
				<turboProp>false</turboProp>
				<jet>false</jet>
				<widebody>false</widebody>
				<regional>false</regional>
			</equipment>
			<equipment>
				<iata>B738</iata>
				<name>??</name>
				<turboProp>false</turboProp>
				<jet>false</jet>
				<widebody>false</widebody>
				<regional>false</regional>
			</equipment>
			<equipment>
				<iata>M80</iata>
				<name>Boeing (Douglas) MD-80</name>
				<turboProp>false</turboProp>
				<jet>true</jet>
				<widebody>false</widebody>
				<regional>false</regional>
			</equipment>
			<equipment>
				<iata>E170</iata>
				<name>??</name>
				<turboProp>false</turboProp>
				<jet>false</jet>
				<widebody>false</widebody>
				<regional>false</regional>
			</equipment>
			<equipment>
				<iata>B737</iata>
				<name>??</name>
				<turboProp>false</turboProp>
				<jet>false</jet>
				<widebody>false</widebody>
				<regional>false</regional>
			</equipment>
			<equipment>
				<iata>CRJ2</iata>
				<name>??</name>
				<turboProp>false</turboProp>
				<jet>false</jet>
				<widebody>false</widebody>
				<regional>false</regional>
			</equipment>
			<equipment>
				<iata>C208</iata>
				<name>??</name>
				<turboProp>false</turboProp>
				<jet>false</jet>
				<widebody>false</widebody>
				<regional>false</regional>
			</equipment>
			<equipment>
				<iata>B712</iata>
				<name>??</name>
				<turboProp>false</turboProp>
				<jet>false</jet>
				<widebody>false</widebody>
				<regional>false</regional>
			</equipment>
			<equipment>
				<iata>A320</iata>
				<name>??</name>
				<turboProp>false</turboProp>
				<jet>false</jet>
				<widebody>false</widebody>
				<regional>false</regional>
			</equipment>
			<equipment>
				<iata>773</iata>
				<name>Boeing 777-300 Passenger</name>
				<turboProp>false</turboProp>
				<jet>true</jet>
				<widebody>true</widebody>
				<regional>false</regional>
			</equipment>
			<equipment>
				<iata>319</iata>
				<name>Airbus Industrie A319</name>
				<turboProp>false</turboProp>
				<jet>true</jet>
				<widebody>false</widebody>
				<regional>false</regional>
			</equipment>
			<equipment>
				<iata>738</iata>
				<name>Boeing 737-800 Passenger</name>
				<turboProp>false</turboProp>
				<jet>true</jet>
				<widebody>false</widebody>
				<regional>false</regional>
			</equipment>
			<equipment>
				<iata>717</iata>
				<name>Boeing 717-200</name>
				<turboProp>false</turboProp>
				<jet>true</jet>
				<widebody>false</widebody>
				<regional>false</regional>
			</equipment>
			<equipment>
				<iata>739</iata>
				<name>Boeing 737-900 Passenger</name>
				<turboProp>false</turboProp>
				<jet>true</jet>
				<widebody>false</widebody>
				<regional>false</regional>
			</equipment>
			<equipment>
				<iata>E70</iata>
				<name>Embraer 170</name>
				<turboProp>false</turboProp>
				<jet>true</jet>
				<widebody>false</widebody>
				<regional>true</regional>
			</equipment>
			<equipment>
				<iata>E75</iata>
				<name>Embraer 175</name>
				<turboProp>false</turboProp>
				<jet>true</jet>
				<widebody>false</widebody>
				<regional>true</regional>
			</equipment>
			<equipment>
				<iata>A319</iata>
				<name>??</name>
				<turboProp>false</turboProp>
				<jet>false</jet>
				<widebody>false</widebody>
				<regional>false</regional>
			</equipment>
			<equipment>
				<iata>M90</iata>
				<name>Boeing (Douglas) MD-90</name>
				<turboProp>false</turboProp>
				<jet>true</jet>
				<widebody>false</widebody>
				<regional>false</regional>
			</equipment>
			<equipment>
				<iata>ER4</iata>
				<name>Embraer RJ145</name>
				<turboProp>false</turboProp>
				<jet>true</jet>
				<widebody>false</widebody>
				<regional>true</regional>
			</equipment>
			<equipment>
				<iata>77F</iata>
				<name>Boeing 777 Freighter</name>
				<turboProp>false</turboProp>
				<jet>true</jet>
				<widebody>true</widebody>
				<regional>false</regional>
			</equipment>
			<equipment>
				<iata>CR7</iata>
				<name>Canadair (Bombardier) Regional Jet 700 and Challenger 870</name>
				<turboProp>false</turboProp>
				<jet>true</jet>
				<widebody>false</widebody>
				<regional>true</regional>
			</equipment>
			<equipment>
				<iata>CR9</iata>
				<name>Canadair (Bombardier) Regional Jet 900 and Challenger 890</name>
				<turboProp>false</turboProp>
				<jet>true</jet>
				<widebody>false</widebody>
				<regional>true</regional>
			</equipment>
			<equipment>
				<iata>73G</iata>
				<name>Boeing 737-700 Passenger</name>
				<turboProp>false</turboProp>
				<jet>true</jet>
				<widebody>false</widebody>
				<regional>false</regional>
			</equipment>
			<equipment>
				<iata>73H</iata>
				<name>Boeing 737-800 (winglets) Passenger</name>
				<turboProp>false</turboProp>
				<jet>true</jet>
				<widebody>false</widebody>
				<regional>false</regional>
			</equipment>
			<equipment>
				<iata>E145</iata>
				<name>??</name>
				<turboProp>false</turboProp>
				<jet>false</jet>
				<widebody>false</widebody>
				<regional>false</regional>
			</equipment>
			<equipment>
				<iata>320</iata>
				<name>Airbus Industrie A320</name>
				<turboProp>false</turboProp>
				<jet>true</jet>
				<widebody>false</widebody>
				<regional>false</regional>
			</equipment>
			<equipment>
				<iata>E45X</iata>
				<name>??</name>
				<turboProp>false</turboProp>
				<jet>false</jet>
				<widebody>false</widebody>
				<regional>false</regional>
			</equipment>
			<equipment>
				<iata>ERD</iata>
				<name>Embraer RJ140</name>
				<turboProp>false</turboProp>
				<jet>true</jet>
				<widebody>false</widebody>
				<regional>true</regional>
			</equipment>
			<equipment>
				<iata>77W</iata>
				<name>Boeing 777-300ER Passenger</name>
				<turboProp>false</turboProp>
				<jet>true</jet>
				<widebody>true</widebody>
				<regional>false</regional>
			</equipment>
			<equipment>
				<iata>CNC</iata>
				<name>Cessna (Light aircraft - single turboprop engine)</name>
				<turboProp>true</turboProp>
				<jet>false</jet>
				<widebody>false</widebody>
				<regional>true</regional>
			</equipment>
			<equipment>
				<iata>CRJ</iata>
				<name>Canadair (Bombardier) Regional Jet</name>
				<turboProp>false</turboProp>
				<jet>true</jet>
				<widebody>false</widebody>
				<regional>true</regional>
			</equipment>
			<equipment>
				<iata>ERJ</iata>
				<name>Embraer RJ135/RJ140/RJ145</name>
				<turboProp>false</turboProp>
				<jet>true</jet>
				<widebody>false</widebody>
				<regional>true</regional>
			</equipment>
		</equipments>
	</appendix>
	<flightStatuses>
		<flightStatus>
			<flightId>533902489</flightId>
			<carrierFsCode>AS</carrierFsCode>
			<flightNumber>138</flightNumber>
			<departureAirportFsCode>ANC</departureAirportFsCode>
			<arrivalAirportFsCode>ORD</arrivalAirportFsCode>
			<departureDate>
				<dateLocal>2015-04-28T23:15:00.000</dateLocal>
				<dateUtc>2015-04-29T07:15:00.000Z</dateUtc>
			</departureDate>
			<arrivalDate>
				<dateLocal>2015-04-29T08:30:00.000</dateLocal>
				<dateUtc>2015-04-29T13:30:00.000Z</dateUtc>
			</arrivalDate>
			<status>A</status>
			<schedule>
				<flightType>J</flightType>
				<serviceClasses>RFY</serviceClasses>
				<restrictions/>
			</schedule>
			<operationalTimes>
				<publishedDeparture>
					<dateLocal>2015-04-28T23:15:00.000</dateLocal>
					<dateUtc>2015-04-29T07:15:00.000Z</dateUtc>
				</publishedDeparture>
				<publishedArrival>
					<dateLocal>2015-04-29T08:30:00.000</dateLocal>
					<dateUtc>2015-04-29T13:30:00.000Z</dateUtc>
				</publishedArrival>
				<scheduledGateDeparture>
					<dateLocal>2015-04-28T23:15:00.000</dateLocal>
					<dateUtc>2015-04-29T07:15:00.000Z</dateUtc>
				</scheduledGateDeparture>
				<estimatedGateDeparture>
					<dateLocal>2015-04-28T23:13:00.000</dateLocal>
					<dateUtc>2015-04-29T07:13:00.000Z</dateUtc>
				</estimatedGateDeparture>
				<actualGateDeparture>
					<dateLocal>2015-04-28T23:13:00.000</dateLocal>
					<dateUtc>2015-04-29T07:13:00.000Z</dateUtc>
				</actualGateDeparture>
				<flightPlanPlannedDeparture>
					<dateLocal>2015-04-28T23:31:00.000</dateLocal>
					<dateUtc>2015-04-29T07:31:00.000Z</dateUtc>
				</flightPlanPlannedDeparture>
				<estimatedRunwayDeparture>
					<dateLocal>2015-04-28T23:33:00.000</dateLocal>
					<dateUtc>2015-04-29T07:33:00.000Z</dateUtc>
				</estimatedRunwayDeparture>
				<actualRunwayDeparture>
					<dateLocal>2015-04-28T23:33:00.000</dateLocal>
					<dateUtc>2015-04-29T07:33:00.000Z</dateUtc>
				</actualRunwayDeparture>
				<scheduledGateArrival>
					<dateLocal>2015-04-29T08:30:00.000</dateLocal>
					<dateUtc>2015-04-29T13:30:00.000Z</dateUtc>
				</scheduledGateArrival>
				<estimatedGateArrival>
					<dateLocal>2015-04-29T08:39:00.000</dateLocal>
					<dateUtc>2015-04-29T13:39:00.000Z</dateUtc>
				</estimatedGateArrival>
				<flightPlanPlannedArrival>
					<dateLocal>2015-04-29T07:57:00.000</dateLocal>
					<dateUtc>2015-04-29T12:57:00.000Z</dateUtc>
				</flightPlanPlannedArrival>
				<estimatedRunwayArrival>
					<dateLocal>2015-04-29T08:15:00.000</dateLocal>
					<dateUtc>2015-04-29T13:15:00.000Z</dateUtc>
				</estimatedRunwayArrival>
			</operationalTimes>
			<codeshares>
				<codeshare>
					<fsCode>AA</fsCode>
					<flightNumber>6803</flightNumber>
					<relationship>L</relationship>
				</codeshare>
			</codeshares>
			<delays>
				<departureRunwayDelayMinutes>2</departureRunwayDelayMinutes>
				<arrivalGateDelayMinutes>9</arrivalGateDelayMinutes>
				<arrivalRunwayDelayMinutes>18</arrivalRunwayDelayMinutes>
			</delays>
			<flightDurations>
				<scheduledBlockMinutes>375</scheduledBlockMinutes>
				<scheduledAirMinutes>326</scheduledAirMinutes>
				<scheduledTaxiOutMinutes>16</scheduledTaxiOutMinutes>
				<taxiOutMinutes>20</taxiOutMinutes>
				<scheduledTaxiInMinutes>33</scheduledTaxiInMinutes>
			</flightDurations>
			<airportResources>
				<departureTerminal>S</departureTerminal>
				<departureGate>C2</departureGate>
				<arrivalTerminal>3</arrivalTerminal>
				<arrivalGate>L8</arrivalGate>
			</airportResources>
			<flightEquipment>
				<scheduledEquipmentIataCode>73H</scheduledEquipmentIataCode>
				<actualEquipmentIataCode>B738</actualEquipmentIataCode>
				<tailNumber>N592AS</tailNumber>
			</flightEquipment>
		</flightStatus>
		<flightStatus>
			<flightId>534428356</flightId>
			<carrierFsCode>UA</carrierFsCode>
			<flightNumber>1524</flightNumber>
			<departureAirportFsCode>RSW</departureAirportFsCode>
			<arrivalAirportFsCode>ORD</arrivalAirportFsCode>
			<departureDate>
				<dateLocal>2015-04-29T05:51:00.000</dateLocal>
				<dateUtc>2015-04-29T09:51:00.000Z</dateUtc>
			</departureDate>
			<arrivalDate>
				<dateLocal>2015-04-29T08:02:00.000</dateLocal>
				<dateUtc>2015-04-29T13:02:00.000Z</dateUtc>
			</arrivalDate>
			<status>A</status>
			<schedule>
				<flightType>J</flightType>
				<serviceClasses>FJY</serviceClasses>
				<restrictions/>
			</schedule>
			<operationalTimes>
				<publishedDeparture>
					<dateLocal>2015-04-29T05:51:00.000</dateLocal>
					<dateUtc>2015-04-29T09:51:00.000Z</dateUtc>
				</publishedDeparture>
				<publishedArrival>
					<dateLocal>2015-04-29T08:02:00.000</dateLocal>
					<dateUtc>2015-04-29T13:02:00.000Z</dateUtc>
				</publishedArrival>
				<scheduledGateDeparture>
					<dateLocal>2015-04-29T05:51:00.000</dateLocal>
					<dateUtc>2015-04-29T09:51:00.000Z</dateUtc>
				</scheduledGateDeparture>
				<estimatedGateDeparture>
					<dateLocal>2015-04-29T05:52:00.000</dateLocal>
					<dateUtc>2015-04-29T09:52:00.000Z</dateUtc>
				</estimatedGateDeparture>
				<actualGateDeparture>
					<dateLocal>2015-04-29T05:52:00.000</dateLocal>
					<dateUtc>2015-04-29T09:52:00.000Z</dateUtc>
				</actualGateDeparture>
				<flightPlanPlannedDeparture>
					<dateLocal>2015-04-29T06:05:00.000</dateLocal>
					<dateUtc>2015-04-29T10:05:00.000Z</dateUtc>
				</flightPlanPlannedDeparture>
				<estimatedRunwayDeparture>
					<dateLocal>2015-04-29T06:05:00.000</dateLocal>
					<dateUtc>2015-04-29T10:05:00.000Z</dateUtc>
				</estimatedRunwayDeparture>
				<actualRunwayDeparture>
					<dateLocal>2015-04-29T06:05:00.000</dateLocal>
					<dateUtc>2015-04-29T10:05:00.000Z</dateUtc>
				</actualRunwayDeparture>
				<scheduledGateArrival>
					<dateLocal>2015-04-29T08:02:00.000</dateLocal>
					<dateUtc>2015-04-29T13:02:00.000Z</dateUtc>
				</scheduledGateArrival>
				<estimatedGateArrival>
					<dateLocal>2015-04-29T07:56:00.000</dateLocal>
					<dateUtc>2015-04-29T12:56:00.000Z</dateUtc>
				</estimatedGateArrival>
				<flightPlanPlannedArrival>
					<dateLocal>2015-04-29T07:31:00.000</dateLocal>
					<dateUtc>2015-04-29T12:31:00.000Z</dateUtc>
				</flightPlanPlannedArrival>
				<estimatedRunwayArrival>
					<dateLocal>2015-04-29T07:41:00.000</dateLocal>
					<dateUtc>2015-04-29T12:41:00.000Z</dateUtc>
				</estimatedRunwayArrival>
			</operationalTimes>
			<delays>
				<departureGateDelayMinutes>1</departureGateDelayMinutes>
				<arrivalRunwayDelayMinutes>10</arrivalRunwayDelayMinutes>
			</delays>
			<flightDurations>
				<scheduledBlockMinutes>191</scheduledBlockMinutes>
				<scheduledAirMinutes>146</scheduledAirMinutes>
				<scheduledTaxiOutMinutes>14</scheduledTaxiOutMinutes>
				<taxiOutMinutes>13</taxiOutMinutes>
				<scheduledTaxiInMinutes>31</scheduledTaxiInMinutes>
			</flightDurations>
			<airportResources>
				<departureGate>C1</departureGate>
				<arrivalTerminal>1</arrivalTerminal>
				<arrivalGate>C23</arrivalGate>
				<baggage>14</baggage>
			</airportResources>
			<flightEquipment>
				<scheduledEquipmentIataCode>738</scheduledEquipmentIataCode>
				<actualEquipmentIataCode>B738</actualEquipmentIataCode>
				<tailNumber>N33289</tailNumber>
			</flightEquipment>
		</flightStatus>
		<flightStatus>
			<flightId>534418761</flightId>
			<carrierFsCode>MQ</carrierFsCode>
			<flightNumber>3194</flightNumber>
			<departureAirportFsCode>OKC</departureAirportFsCode>
			<arrivalAirportFsCode>ORD</arrivalAirportFsCode>
			<departureDate>
				<dateLocal>2015-04-29T05:58:00.000</dateLocal>
				<dateUtc>2015-04-29T10:58:00.000Z</dateUtc>
			</departureDate>
			<arrivalDate>
				<dateLocal>2015-04-29T08:02:00.000</dateLocal>
				<dateUtc>2015-04-29T13:02:00.000Z</dateUtc>
			</arrivalDate>
			<status>A</status>
			<schedule>
				<flightType>J</flightType>
				<serviceClasses>FY</serviceClasses>
				<restrictions/>
			</schedule>
			<operationalTimes>
				<publishedDeparture>
					<dateLocal>2015-04-29T05:58:00.000</dateLocal>
					<dateUtc>2015-04-29T10:58:00.000Z</dateUtc>
				</publishedDeparture>
				<publishedArrival>
					<dateLocal>2015-04-29T08:02:00.000</dateLocal>
					<dateUtc>2015-04-29T13:02:00.000Z</dateUtc>
				</publishedArrival>
				<scheduledGateDeparture>
					<dateLocal>2015-04-29T05:58:00.000</dateLocal>
					<dateUtc>2015-04-29T10:58:00.000Z</dateUtc>
				</scheduledGateDeparture>
				<estimatedGateDeparture>
					<dateLocal>2015-04-29T05:49:00.000</dateLocal>
					<dateUtc>2015-04-29T10:49:00.000Z</dateUtc>
				</estimatedGateDeparture>
				<actualGateDeparture>
					<dateLocal>2015-04-29T05:49:00.000</dateLocal>
					<dateUtc>2015-04-29T10:49:00.000Z</dateUtc>
				</actualGateDeparture>
				<flightPlanPlannedDeparture>
					<dateLocal>2015-04-29T06:04:00.000</dateLocal>
					<dateUtc>2015-04-29T11:04:00.000Z</dateUtc>
				</flightPlanPlannedDeparture>
				<estimatedRunwayDeparture>
					<dateLocal>2015-04-29T06:03:00.000</dateLocal>
					<dateUtc>2015-04-29T11:03:00.000Z</dateUtc>
				</estimatedRunwayDeparture>
				<actualRunwayDeparture>
					<dateLocal>2015-04-29T06:03:00.000</dateLocal>
					<dateUtc>2015-04-29T11:03:00.000Z</dateUtc>
				</actualRunwayDeparture>
				<scheduledGateArrival>
					<dateLocal>2015-04-29T08:02:00.000</dateLocal>
					<dateUtc>2015-04-29T13:02:00.000Z</dateUtc>
				</scheduledGateArrival>
				<estimatedGateArrival>
					<dateLocal>2015-04-29T07:51:00.000</dateLocal>
					<dateUtc>2015-04-29T12:51:00.000Z</dateUtc>
				</estimatedGateArrival>
				<flightPlanPlannedArrival>
					<dateLocal>2015-04-29T07:32:00.000</dateLocal>
					<dateUtc>2015-04-29T12:32:00.000Z</dateUtc>
				</flightPlanPlannedArrival>
				<estimatedRunwayArrival>
					<dateLocal>2015-04-29T07:36:00.000</dateLocal>
					<dateUtc>2015-04-29T12:36:00.000Z</dateUtc>
				</estimatedRunwayArrival>
			</operationalTimes>
			<codeshares>
				<codeshare>
					<fsCode>AA</fsCode>
					<flightNumber>3194</flightNumber>
					<relationship>X</relationship>
				</codeshare>
				<codeshare>
					<fsCode>AS</fsCode>
					<flightNumber>4055</flightNumber>
					<relationship>Z</relationship>
				</codeshare>
				<codeshare>
					<fsCode>BA</fsCode>
					<flightNumber>7919</flightNumber>
					<relationship>Z</relationship>
				</codeshare>
				<codeshare>
					<fsCode>EY</fsCode>
					<flightNumber>3086</flightNumber>
					<relationship>Z</relationship>
				</codeshare>
				<codeshare>
					<fsCode>JL</fsCode>
					<flightNumber>7399</flightNumber>
					<relationship>Z</relationship>
				</codeshare>
				<codeshare>
					<fsCode>US</fsCode>
					<flightNumber>3194</flightNumber>
					<relationship>Z</relationship>
				</codeshare>
			</codeshares>
			<delays>
				<arrivalRunwayDelayMinutes>4</arrivalRunwayDelayMinutes>
			</delays>
			<flightDurations>
				<scheduledBlockMinutes>124</scheduledBlockMinutes>
				<scheduledAirMinutes>88</scheduledAirMinutes>
				<scheduledTaxiOutMinutes>6</scheduledTaxiOutMinutes>
				<taxiOutMinutes>14</taxiOutMinutes>
				<scheduledTaxiInMinutes>30</scheduledTaxiInMinutes>
			</flightDurations>
			<airportResources>
				<departureGate>8</departureGate>
				<arrivalTerminal>3</arrivalTerminal>
				<arrivalGate>G5</arrivalGate>
				<baggage>9</baggage>
			</airportResources>
			<flightEquipment>
				<scheduledEquipmentIataCode>CR7</scheduledEquipmentIataCode>
				<tailNumber>N512AE</tailNumber>
			</flightEquipment>
		</flightStatus>
		<flightStatus>
			<flightId>534395293</flightId>
			<carrierFsCode>UA</carrierFsCode>
			<flightNumber>608</flightNumber>
			<departureAirportFsCode>IAH</departureAirportFsCode>
			<arrivalAirportFsCode>ORD</arrivalAirportFsCode>
			<departureDate>
				<dateLocal>2015-04-29T06:00:00.000</dateLocal>
				<dateUtc>2015-04-29T11:00:00.000Z</dateUtc>
			</departureDate>
			<arrivalDate>
				<dateLocal>2015-04-29T08:44:00.000</dateLocal>
				<dateUtc>2015-04-29T13:44:00.000Z</dateUtc>
			</arrivalDate>
			<status>A</status>
			<schedule>
				<flightType>J</flightType>
				<serviceClasses>FJY</serviceClasses>
				<restrictions/>
				<downlines>
					<downline>
						<fsCode>DCA</fsCode>
						<flightId>534419430</flightId>
					</downline>
				</downlines>
			</schedule>
			<operationalTimes>
				<publishedDeparture>
					<dateLocal>2015-04-29T06:00:00.000</dateLocal>
					<dateUtc>2015-04-29T11:00:00.000Z</dateUtc>
				</publishedDeparture>
				<publishedArrival>
					<dateLocal>2015-04-29T08:44:00.000</dateLocal>
					<dateUtc>2015-04-29T13:44:00.000Z</dateUtc>
				</publishedArrival>
				<scheduledGateDeparture>
					<dateLocal>2015-04-29T06:00:00.000</dateLocal>
					<dateUtc>2015-04-29T11:00:00.000Z</dateUtc>
				</scheduledGateDeparture>
				<estimatedGateDeparture>
					<dateLocal>2015-04-29T05:55:00.000</dateLocal>
					<dateUtc>2015-04-29T10:55:00.000Z</dateUtc>
				</estimatedGateDeparture>
				<actualGateDeparture>
					<dateLocal>2015-04-29T05:55:00.000</dateLocal>
					<dateUtc>2015-04-29T10:55:00.000Z</dateUtc>
				</actualGateDeparture>
				<flightPlanPlannedDeparture>
					<dateLocal>2015-04-29T06:10:00.000</dateLocal>
					<dateUtc>2015-04-29T11:10:00.000Z</dateUtc>
				</flightPlanPlannedDeparture>
				<estimatedRunwayDeparture>
					<dateLocal>2015-04-29T06:09:00.000</dateLocal>
					<dateUtc>2015-04-29T11:09:00.000Z</dateUtc>
				</estimatedRunwayDeparture>
				<actualRunwayDeparture>
					<dateLocal>2015-04-29T06:09:00.000</dateLocal>
					<dateUtc>2015-04-29T11:09:00.000Z</dateUtc>
				</actualRunwayDeparture>
				<scheduledGateArrival>
					<dateLocal>2015-04-29T08:44:00.000</dateLocal>
					<dateUtc>2015-04-29T13:44:00.000Z</dateUtc>
				</scheduledGateArrival>
				<estimatedGateArrival>
					<dateLocal>2015-04-29T08:26:00.000</dateLocal>
					<dateUtc>2015-04-29T13:26:00.000Z</dateUtc>
				</estimatedGateArrival>
				<flightPlanPlannedArrival>
					<dateLocal>2015-04-29T08:11:00.000</dateLocal>
					<dateUtc>2015-04-29T13:11:00.000Z</dateUtc>
				</flightPlanPlannedArrival>
				<estimatedRunwayArrival>
					<dateLocal>2015-04-29T08:09:00.000</dateLocal>
					<dateUtc>2015-04-29T13:09:00.000Z</dateUtc>
				</estimatedRunwayArrival>
			</operationalTimes>
			<codeshares>
				<codeshare>
					<fsCode>AV</fsCode>
					<flightNumber>2127</flightNumber>
					<relationship>L</relationship>
				</codeshare>
				<codeshare>
					<fsCode>CM</fsCode>
					<flightNumber>8245</flightNumber>
					<relationship>L</relationship>
				</codeshare>
			</codeshares>
			<flightDurations>
				<scheduledBlockMinutes>164</scheduledBlockMinutes>
				<scheduledAirMinutes>121</scheduledAirMinutes>
				<scheduledTaxiOutMinutes>10</scheduledTaxiOutMinutes>
				<taxiOutMinutes>14</taxiOutMinutes>
				<scheduledTaxiInMinutes>33</scheduledTaxiInMinutes>
			</flightDurations>
			<airportResources>
				<departureTerminal>E</departureTerminal>
				<departureGate>11</departureGate>
				<arrivalTerminal>1</arrivalTerminal>
				<arrivalGate>C31</arrivalGate>
				<baggage>2</baggage>
			</airportResources>
			<flightEquipment>
				<scheduledEquipmentIataCode>319</scheduledEquipmentIataCode>
				<actualEquipmentIataCode>A320</actualEquipmentIataCode>
				<tailNumber>N426UA</tailNumber>
			</flightEquipment>
		</flightStatus>
	</flightStatuses>
	<request>
		<url>https://api.flightstats.com/flex/flightstatus/rest/v2/xml/airport/status/ORD/arr/2015/4/29/8</url>
		<airport>
			<requestedCode>ORD</requestedCode>
			<fsCode>ORD</fsCode>
		</airport>
		<date>
			<year>2015</year>
			<month>4</month>
			<day>29</day>
			<interpreted>2015-04-29</interpreted>
		</date>
		<hourOfDay>
			<requested>8</requested>
			<interpreted>8</interpreted>
		</hourOfDay>
		<numHours>
			<interpreted>1</interpreted>
		</numHours>
		<utc>
			<interpreted>false</interpreted>
		</utc>
		<codeType/>
		<maxFlights/>
		<extendedOptions/>
	</request>
</response>
